mission,date_utc,configuration,boosters,public_anomaly_status,source
NROL-101,2020-11-13,531,3,none_located,https://www.ulalaunch.com/about/news/2020/11/14/united-launch-alliance-successfully-launches-nrol-101-mission-in-support-of-national-security
STP-3,2021-12-07,551,5,none_located,https://www.ulalaunch.com/about/news/2021/12/07/united-launch-alliance-successfully-launches-critical-national-security-mission-direct-to-geo
USSF-8,2022-01-21,511,1,none_located,https://www.ulalaunch.com/missions/missions-details/2022/01/22/united-launch-alliance-successfully-launches-critical-space-surveillance-mission-for-u.s.-space-force
GOES-T,2022-03-01,541,4,none_located,https://www.ulalaunch.com/about/news/2022/03/02/united-launch-alliance-successfully-launches-advanced-weather-satellite-goes-t
USSF-12,2022-07-01,541,4,none_located,https://www.ulalaunch.com/about/news-detail/2022/07/02/united-launch-alliance-successfully-launches-critical-national-security-mission-for-u.s.-space-force
SBIRS_GEO6,2022-08-04,421,2,none_located,https://blog.ulalaunch.com/blog/sbirs-geo-6-atlas-v-to-complete-sbirs-constellation
SES-20_21,2022-10-04,531,3,none_located,https://blog.ulalaunch.com/blog/ses-20/21-commercial-satellite-tandem-stacked-atop-atlas-v
SILENTBARKER,2023-09-10,551,5,none_located,https://blog.ulalaunch.com/blog/silentbarker-atlas-v-stacked-for-national-security-launch
USSF-51,2024-07-30,551,5,none_located,https://news.northropgrumman.com/launch/northrop-grumman-gem-63-solid-rocket-boosters-help-successfully-launch-national-security-mission-aboard-atlas-v-rocket
