mission,date_utc,variant,boosters,public_status,source,interpretation
Kuiper-1,2025-04-28,Atlas V 551,5,mission_success,https://www.ulalaunch.com/missions/next-launch/atlas-v-kuiper-1,No booster-anomaly inspection data obtained
Kuiper-2,2025-06-23,Atlas V 551,5,mission_success,https://www.ulalaunch.com/missions/next-launch/atlas-v-kuiper-2,ULA explicitly identifies GEM 63
Kuiper-3,2025-09-25,Atlas V 551,5,mission_success,https://www.ulalaunch.com/missions/next-launch/atlas-v-kuiper-3,No booster-anomaly inspection data obtained
ViaSat-3 F2,2025-11-14,Atlas V 551,5,mission_success,https://www.ulalaunch.com/missions/next-launch/atlas-v-viasat-3-f2,No booster-anomaly inspection data obtained
Amazon Leo 4,2025-12-16,Atlas V 551,5,mission_success,https://www.ulalaunch.com/missions/next-launch/atlas-v-amazon-leo-4,No booster-anomaly inspection data obtained
Amazon Leo 5,2026-04-04,Atlas V 551,5,mission_success,https://www.ulalaunch.com/missions/next-launch/atlas-v-amazon-leo-5,No booster-anomaly inspection data obtained
Amazon Leo 6,2026-04-28,Atlas V 551,5,mission_success,https://www.ulalaunch.com/missions/next-launch/atlas-v-amazon-leo-6,No booster-anomaly inspection data obtained
Amazon Leo 7,2026-05-29,Atlas V 551,5,mission_success,https://www.ulalaunch.com/missions/next-launch/atlas-v-amazon-leo-7,No booster-anomaly inspection data obtained
Amazon Leo 8,2026-07-02,Atlas V 551,5,mission_success,https://www.ulalaunch.com/missions/next-launch/atlas-v-amazon-leo-8,No booster-anomaly inspection data obtained
