parameter,value,net_wait_gain_MUSD,evsi_MUSD
target_multi_loss,0.1,-1.4536185355563305,7.222345765076437
target_multi_loss,0.3,-4.90338601449195,8.231643556338444
target_multi_loss,0.55,-8.720999157804336,3.9898511748802363
target_multi_loss,0.8,-12.538612301116714,7.105427357601002e-15
history_risk_multipliers,"(1, 1, 1, 1)",-8.720999157804336,3.9898511748802363
history_risk_multipliers,"(1, 1, 0.5, 0.5)",-11.035344037584672,1.762182447675805
history_risk_multipliers,"(0.5, 0.5, 1, 1)",-9.739114979714387,2.9830904750739933
history_detection_by_flight,"(1, 1, 1, 1)",-8.720999157804336,3.9898511748802363
history_detection_by_flight,"(0.7, 1, 0.7, 1)",-10.015329748332,2.7189050230466805
anomaly_disclosure,0.3,-8.06255963559397,4.778983239256846
anomaly_disclosure,0.6,-8.391779396699164,4.38441720706853
anomaly_disclosure,0.9,-8.720999157804336,3.9898511748802363
