parameter,value,evsi_MUSD,net_wait_gain_MUSD
effective_multiplier,0.05,7.009740533715533,-5.874032594271412
effective_multiplier,0.1,3.9898511748802363,-8.720999157804336
effective_multiplier,0.3,7.105427357601002e-15,-14.999999999999986
ineffective_increment,0,3.9898511748802363,-8.720999157804336
ineffective_increment,0.05,3.3700897781905823,-9.34236547747328
ineffective_increment,0.15,3.5399142105625714,-9.279348620900677
target_severe,0.1,7.238896148728781,-5.796858681340652
target_severe,0.25,3.9898511748802363,-8.720999157804336
target_severe,0.5,7.105427357601002e-15,-13.594566618577147
disclosure,0.5,2.2165839860445757,-11.51166619878019
disclosure,0.9,3.9898511748802363,-8.720999157804336
disclosure,1,4.4331679720891515,-8.023332397560374
detection,0.5,-7.105427357601002e-15,-13.971577406261126
detection,0.9,3.9898511748802363,-8.720999157804336
detection,1,5.17354927144515,-7.733339874488792
approval,"(0, 0, 0, 0)",3.9898511748802363,-15.0
approval,"(0.5, 0.1, 0, 0.1)",3.9898511748802363,-11.511666198780183
approval,"(0.9, 0.3, 0.05, 0.4)",3.9898511748802363,-8.720999157804336
approval,"(1, 1, 1, 1)",3.9898511748802363,-8.023332397560374
alternative_cost,10,-1.7763568394002505e-15,-15.0
alternative_cost,30,3.9898511748802363,-8.720999157804336
alternative_cost,100,14.664462699577243,30.49692420549441
alternative_loss,0.001,1.6003980328327252,-10.871506985647095
alternative_loss,0.005,3.9898511748802363,-8.720999157804336
alternative_loss,0.02,12.950300457558413,-0.656594803393979
alternative_degraded,0.001,3.691169532124295,-8.989812636284675
alternative_degraded,0.003,3.9898511748802363,-8.720999157804336
alternative_degraded,0.01,5.035236924526025,-7.780151983123126
later_alternative_cost,0,3.9898511748802363,-6.409133942607788
later_alternative_cost,5,3.9898511748802363,-8.720999157804336
later_alternative_cost,20,3.9898511748802363,-15.656594803393979
degraded_fraction,0.1,5.046722298963331,-7.769815146129552
degraded_fraction,0.25,3.9898511748802363,-8.720999157804336
degraded_fraction,0.5,2.228399301408416,-10.306305843928982
