effective_regime_weight,relevance,evsi_MUSD
0.0,0.0,0.0
0.0,0.1,0.0
0.0,0.2,-7.105427357601002e-15
0.0,0.30000000000000004,-7.105427357601002e-15
0.0,0.4,0.0
0.0,0.5,-7.105427357601002e-15
0.0,0.6000000000000001,-7.105427357601002e-15
0.0,0.7000000000000001,-7.105427357601002e-15
0.0,0.8,0.0
0.0,0.9,-7.105427357601002e-15
0.0,1.0,7.105427357601002e-15
0.1,0.0,-7.105427357601002e-15
0.1,0.1,-7.105427357601002e-15
0.1,0.2,-7.105427357601002e-15
0.1,0.30000000000000004,-7.105427357601002e-15
0.1,0.4,-7.105427357601002e-15
0.1,0.5,0.0
0.1,0.6000000000000001,0.0
0.1,0.7000000000000001,-7.105427357601002e-15
0.1,0.8,0.0
0.1,0.9,7.105427357601002e-15
0.1,1.0,0.0
0.2,0.0,7.105427357601002e-15
0.2,0.1,7.105427357601002e-15
0.2,0.2,0.0
0.2,0.30000000000000004,0.0
0.2,0.4,7.105427357601002e-15
0.2,0.5,7.105427357601002e-15
0.2,0.6000000000000001,0.0
0.2,0.7000000000000001,7.105427357601002e-15
0.2,0.8,0.0
0.2,0.9,7.105427357601002e-15
0.2,1.0,7.105427357601002e-15
0.30000000000000004,0.0,7.105427357601002e-15
0.30000000000000004,0.1,7.105427357601002e-15
0.30000000000000004,0.2,7.105427357601002e-15
0.30000000000000004,0.30000000000000004,7.105427357601002e-15
0.30000000000000004,0.4,7.105427357601002e-15
0.30000000000000004,0.5,7.105427357601002e-15
0.30000000000000004,0.6000000000000001,7.105427357601002e-15
0.30000000000000004,0.7000000000000001,7.105427357601002e-15
0.30000000000000004,0.8,7.105427357601002e-15
0.30000000000000004,0.9,7.105427357601002e-15
0.30000000000000004,1.0,0.0
0.4,0.0,7.105427357601002e-15
0.4,0.1,7.105427357601002e-15
0.4,0.2,0.0
0.4,0.30000000000000004,0.0
0.4,0.4,0.0
0.4,0.5,7.105427357601002e-15
0.4,0.6000000000000001,0.0
0.4,0.7000000000000001,0.0
0.4,0.8,-7.105427357601002e-15
0.4,0.9,0.0
0.4,1.0,7.105427357601002e-15
0.5,0.0,7.105427357601002e-15
0.5,0.1,7.105427357601002e-15
0.5,0.2,7.105427357601002e-15
0.5,0.30000000000000004,7.105427357601002e-15
0.5,0.4,7.105427357601002e-15
0.5,0.5,7.105427357601002e-15
0.5,0.6000000000000001,7.105427357601002e-15
0.5,0.7000000000000001,1.4210854715202004e-14
0.5,0.8,0.0
0.5,0.9,0.0
0.5,1.0,0.0
0.6000000000000001,0.0,1.4210854715202004e-14
0.6000000000000001,0.1,2.1316282072803006e-14
0.6000000000000001,0.2,2.1316282072803006e-14
0.6000000000000001,0.30000000000000004,2.1316282072803006e-14
0.6000000000000001,0.4,1.4210854715202004e-14
0.6000000000000001,0.5,7.105427357601002e-15
0.6000000000000001,0.6000000000000001,1.4210854715202004e-14
0.6000000000000001,0.7000000000000001,1.4210854715202004e-14
0.6000000000000001,0.8,1.4210854715202004e-14
0.6000000000000001,0.9,1.4762543509726456
0.6000000000000001,1.0,3.98985117488024
0.7000000000000001,0.0,7.105427357601002e-15
0.7000000000000001,0.1,1.4210854715202004e-14
0.7000000000000001,0.2,0.0
0.7000000000000001,0.30000000000000004,7.105427357601002e-15
0.7000000000000001,0.4,0.0
0.7000000000000001,0.5,7.105427357601002e-15
0.7000000000000001,0.6000000000000001,0.0
0.7000000000000001,0.7000000000000001,1.8394689822315087
0.7000000000000001,0.8,3.9624208073995426
0.7000000000000001,0.9,6.08537263256758
0.7000000000000001,1.0,8.208324457735614
0.8,0.0,7.105427357601002e-15
0.8,0.1,-7.105427357601002e-15
0.8,0.2,-7.105427357601002e-15
0.8,0.30000000000000004,1.3839345663703568
0.8,0.4,2.961486448401871
0.8,0.5,4.539038330433389
0.8,0.6000000000000001,6.116590212464917
0.8,0.7000000000000001,7.694142094496428
0.8,0.8,9.271693976527946
0.8,0.9,10.849245858559463
0.8,1.0,12.426797740590981
0.9,0.0,0.0
0.9,0.1,0.06076766420387614
0.9,0.2,0.4677032043383491
0.9,0.30000000000000004,1.0460721433676916
0.9,0.4,1.923469137865716
0.9,0.5,2.8008661323637476
0.9,0.6000000000000001,3.6782631268617827
0.9,0.7000000000000001,4.555660121359814
0.9,0.8,5.433057115857846
0.9,0.9,6.310454110355877
0.9,1.0,7.187851104853909
1.0,0.0,-1.7763568394002505e-15
1.0,0.1,0.0
1.0,0.2,0.0
1.0,0.30000000000000004,-1.7763568394002505e-15
1.0,0.4,0.0
1.0,0.5,0.0
1.0,0.6000000000000001,-1.7763568394002505e-15
1.0,0.7000000000000001,0.0
1.0,0.8,0.0
1.0,0.9,-1.7763568394002505e-15
1.0,1.0,0.0
