private_strength,LV_date,signal_date,decision_date,window,lead_days,gate_days,slot_probability,reserve,integration_ok,delay_MUSD,net_wait_gain_MUSD
0,2026-10-29,2026-11-12,2026-11-12,original,30,0,0,False,True,2.7,-27.662565581833036
0,2026-10-29,2026-11-12,2026-11-12,planning,30,0,0,False,True,0.0,-24.962565581833033
0,2026-10-29,2026-11-12,2026-11-12,original,30,0,0,True,True,2.7,-11.420999157804346
0,2026-10-29,2026-11-12,2026-11-12,planning,30,0,0,True,True,0.0,-8.720999157804343
0,2026-10-29,2026-11-12,2026-11-12,original,30,0,0.5,False,True,2.7,-14.54178236981867
0,2026-10-29,2026-11-12,2026-11-12,planning,30,0,0.5,False,True,0.0,-11.841782369818667
0,2026-10-29,2026-11-12,2026-11-12,original,30,0,0.5,True,True,2.7,-11.420999157804346
0,2026-10-29,2026-11-12,2026-11-12,planning,30,0,0.5,True,True,0.0,-8.720999157804343
0,2026-10-29,2026-11-12,2026-11-12,original,30,0,1,False,True,2.7,-1.4209991578043457
0,2026-10-29,2026-11-12,2026-11-12,planning,30,0,1,False,True,0.0,1.2790008421956571
0,2026-10-29,2026-11-12,2026-11-12,original,30,0,1,True,True,2.7,-11.420999157804346
0,2026-10-29,2026-11-12,2026-11-12,planning,30,0,1,True,True,0.0,-8.720999157804343
0,2026-10-29,2026-11-12,2026-12-12,original,30,30,0,False,False,5.7,-69.95000000000002
0,2026-10-29,2026-11-12,2026-12-12,planning,30,30,0,False,True,0.0,-24.962565581833033
0,2026-10-29,2026-11-12,2026-12-12,original,30,30,0,True,False,5.7,-79.95
0,2026-10-29,2026-11-12,2026-12-12,planning,30,30,0,True,True,0.0,-8.720999157804343
0,2026-10-29,2026-11-12,2026-12-12,original,30,30,0.5,False,False,5.7,-69.95000000000002
0,2026-10-29,2026-11-12,2026-12-12,planning,30,30,0.5,False,True,0.0,-11.841782369818667
0,2026-10-29,2026-11-12,2026-12-12,original,30,30,0.5,True,False,5.7,-79.95
0,2026-10-29,2026-11-12,2026-12-12,planning,30,30,0.5,True,True,0.0,-8.720999157804343
0,2026-10-29,2026-11-12,2026-12-12,original,30,30,1,False,False,5.7,-69.95000000000002
0,2026-10-29,2026-11-12,2026-12-12,planning,30,30,1,False,True,0.0,1.2790008421956571
0,2026-10-29,2026-11-12,2026-12-12,original,30,30,1,True,False,5.7,-79.95
0,2026-10-29,2026-11-12,2026-12-12,planning,30,30,1,True,True,0.0,-8.720999157804343
0,2026-10-29,2026-11-12,2026-11-12,original,90,0,0,False,False,8.700000000000001,-72.95000000000002
0,2026-10-29,2026-11-12,2026-11-12,planning,90,0,0,False,True,2.6,-27.562565581833027
0,2026-10-29,2026-11-12,2026-11-12,original,90,0,0,True,False,8.700000000000001,-82.95000000000002
0,2026-10-29,2026-11-12,2026-11-12,planning,90,0,0,True,True,2.6,-11.320999157804337
0,2026-10-29,2026-11-12,2026-11-12,original,90,0,0.5,False,False,8.700000000000001,-72.95000000000002
0,2026-10-29,2026-11-12,2026-11-12,planning,90,0,0.5,False,True,2.6,-14.441782369818668
0,2026-10-29,2026-11-12,2026-11-12,original,90,0,0.5,True,False,8.700000000000001,-82.95000000000002
0,2026-10-29,2026-11-12,2026-11-12,planning,90,0,0.5,True,True,2.6,-11.320999157804337
0,2026-10-29,2026-11-12,2026-11-12,original,90,0,1,False,False,8.700000000000001,-72.95000000000002
0,2026-10-29,2026-11-12,2026-11-12,planning,90,0,1,False,True,2.6,-1.3209991578043372
0,2026-10-29,2026-11-12,2026-11-12,original,90,0,1,True,False,8.700000000000001,-82.95000000000002
0,2026-10-29,2026-11-12,2026-11-12,planning,90,0,1,True,True,2.6,-11.320999157804337
0,2026-10-29,2026-11-12,2026-12-12,original,90,30,0,False,False,11.700000000000001,-75.95000000000002
0,2026-10-29,2026-11-12,2026-12-12,planning,90,30,0,False,True,5.6000000000000005,-30.562565581833027
0,2026-10-29,2026-11-12,2026-12-12,original,90,30,0,True,False,11.700000000000001,-85.95000000000002
0,2026-10-29,2026-11-12,2026-12-12,planning,90,30,0,True,True,5.6000000000000005,-14.320999157804351
0,2026-10-29,2026-11-12,2026-12-12,original,90,30,0.5,False,False,11.700000000000001,-75.95000000000002
0,2026-10-29,2026-11-12,2026-12-12,planning,90,30,0.5,False,True,5.6000000000000005,-17.441782369818668
0,2026-10-29,2026-11-12,2026-12-12,original,90,30,0.5,True,False,11.700000000000001,-85.95000000000002
0,2026-10-29,2026-11-12,2026-12-12,planning,90,30,0.5,True,True,5.6000000000000005,-14.320999157804351
0,2026-10-29,2026-11-12,2026-12-12,original,90,30,1,False,False,11.700000000000001,-75.95000000000002
0,2026-10-29,2026-11-12,2026-12-12,planning,90,30,1,False,True,5.6000000000000005,-4.320999157804337
0,2026-10-29,2026-11-12,2026-12-12,original,90,30,1,True,False,11.700000000000001,-85.95000000000002
0,2026-10-29,2026-11-12,2026-12-12,planning,90,30,1,True,True,5.6000000000000005,-14.320999157804351
0,2026-10-31,2026-11-14,2026-11-14,original,30,0,0,False,True,2.9000000000000004,-27.862565581833024
0,2026-10-31,2026-11-14,2026-11-14,planning,30,0,0,False,True,0.0,-24.962565581833033
0,2026-10-31,2026-11-14,2026-11-14,original,30,0,0,True,True,2.9000000000000004,-11.620999157804349
0,2026-10-31,2026-11-14,2026-11-14,planning,30,0,0,True,True,0.0,-8.720999157804343
0,2026-10-31,2026-11-14,2026-11-14,original,30,0,0.5,False,True,2.9000000000000004,-14.741782369818672
0,2026-10-31,2026-11-14,2026-11-14,planning,30,0,0.5,False,True,0.0,-11.841782369818667
0,2026-10-31,2026-11-14,2026-11-14,original,30,0,0.5,True,True,2.9000000000000004,-11.620999157804349
0,2026-10-31,2026-11-14,2026-11-14,planning,30,0,0.5,True,True,0.0,-8.720999157804343
0,2026-10-31,2026-11-14,2026-11-14,original,30,0,1,False,True,2.9000000000000004,-1.6209991578043486
0,2026-10-31,2026-11-14,2026-11-14,planning,30,0,1,False,True,0.0,1.2790008421956571
0,2026-10-31,2026-11-14,2026-11-14,original,30,0,1,True,True,2.9000000000000004,-11.620999157804349
0,2026-10-31,2026-11-14,2026-11-14,planning,30,0,1,True,True,0.0,-8.720999157804343
0,2026-10-31,2026-11-14,2026-12-14,original,30,30,0,False,False,5.9,-70.15000000000002
0,2026-10-31,2026-11-14,2026-12-14,planning,30,30,0,False,True,0.0,-24.962565581833033
0,2026-10-31,2026-11-14,2026-12-14,original,30,30,0,True,False,5.9,-80.15000000000002
0,2026-10-31,2026-11-14,2026-12-14,planning,30,30,0,True,True,0.0,-8.720999157804343
0,2026-10-31,2026-11-14,2026-12-14,original,30,30,0.5,False,False,5.9,-70.15000000000002
0,2026-10-31,2026-11-14,2026-12-14,planning,30,30,0.5,False,True,0.0,-11.841782369818667
0,2026-10-31,2026-11-14,2026-12-14,original,30,30,0.5,True,False,5.9,-80.15000000000002
0,2026-10-31,2026-11-14,2026-12-14,planning,30,30,0.5,True,True,0.0,-8.720999157804343
0,2026-10-31,2026-11-14,2026-12-14,original,30,30,1,False,False,5.9,-70.15000000000002
0,2026-10-31,2026-11-14,2026-12-14,planning,30,30,1,False,True,0.0,1.2790008421956571
0,2026-10-31,2026-11-14,2026-12-14,original,30,30,1,True,False,5.9,-80.15000000000002
0,2026-10-31,2026-11-14,2026-12-14,planning,30,30,1,True,True,0.0,-8.720999157804343
0,2026-10-31,2026-11-14,2026-11-14,original,90,0,0,False,False,8.9,-73.15000000000002
0,2026-10-31,2026-11-14,2026-11-14,planning,90,0,0,False,True,2.8000000000000003,-27.76256558183303
0,2026-10-31,2026-11-14,2026-11-14,original,90,0,0,True,False,8.9,-83.15
0,2026-10-31,2026-11-14,2026-11-14,planning,90,0,0,True,True,2.8000000000000003,-11.52099915780434
0,2026-10-31,2026-11-14,2026-11-14,original,90,0,0.5,False,False,8.9,-73.15000000000002
0,2026-10-31,2026-11-14,2026-11-14,planning,90,0,0.5,False,True,2.8000000000000003,-14.64178236981867
0,2026-10-31,2026-11-14,2026-11-14,original,90,0,0.5,True,False,8.9,-83.15
0,2026-10-31,2026-11-14,2026-11-14,planning,90,0,0.5,True,True,2.8000000000000003,-11.52099915780434
0,2026-10-31,2026-11-14,2026-11-14,original,90,0,1,False,False,8.9,-73.15000000000002
0,2026-10-31,2026-11-14,2026-11-14,planning,90,0,1,False,True,2.8000000000000003,-1.52099915780434
0,2026-10-31,2026-11-14,2026-11-14,original,90,0,1,True,False,8.9,-83.15
0,2026-10-31,2026-11-14,2026-11-14,planning,90,0,1,True,True,2.8000000000000003,-11.52099915780434
0,2026-10-31,2026-11-14,2026-12-14,original,90,30,0,False,False,11.9,-76.15000000000002
0,2026-10-31,2026-11-14,2026-12-14,planning,90,30,0,False,True,5.800000000000001,-30.76256558183303
0,2026-10-31,2026-11-14,2026-12-14,original,90,30,0,True,False,11.9,-86.15
0,2026-10-31,2026-11-14,2026-12-14,planning,90,30,0,True,True,5.800000000000001,-14.52099915780434
0,2026-10-31,2026-11-14,2026-12-14,original,90,30,0.5,False,False,11.9,-76.15000000000002
0,2026-10-31,2026-11-14,2026-12-14,planning,90,30,0.5,False,True,5.800000000000001,-17.64178236981867
0,2026-10-31,2026-11-14,2026-12-14,original,90,30,0.5,True,False,11.9,-86.15
0,2026-10-31,2026-11-14,2026-12-14,planning,90,30,0.5,True,True,5.800000000000001,-14.52099915780434
0,2026-10-31,2026-11-14,2026-12-14,original,90,30,1,False,False,11.9,-76.15000000000002
0,2026-10-31,2026-11-14,2026-12-14,planning,90,30,1,False,True,5.800000000000001,-4.52099915780434
0,2026-10-31,2026-11-14,2026-12-14,original,90,30,1,True,False,11.9,-86.15
0,2026-10-31,2026-11-14,2026-12-14,planning,90,30,1,True,True,5.800000000000001,-14.52099915780434
0,2026-12-01,2026-12-15,2026-12-15,original,30,0,0,False,False,6.0,-70.25000000000001
0,2026-12-01,2026-12-15,2026-12-15,planning,30,0,0,False,True,0.0,-24.962565581833033
0,2026-12-01,2026-12-15,2026-12-15,original,30,0,0,True,False,6.0,-80.25000000000001
0,2026-12-01,2026-12-15,2026-12-15,planning,30,0,0,True,True,0.0,-8.720999157804343
0,2026-12-01,2026-12-15,2026-12-15,original,30,0,0.5,False,False,6.0,-70.25000000000001
0,2026-12-01,2026-12-15,2026-12-15,planning,30,0,0.5,False,True,0.0,-11.841782369818667
0,2026-12-01,2026-12-15,2026-12-15,original,30,0,0.5,True,False,6.0,-80.25000000000001
0,2026-12-01,2026-12-15,2026-12-15,planning,30,0,0.5,True,True,0.0,-8.720999157804343
0,2026-12-01,2026-12-15,2026-12-15,original,30,0,1,False,False,6.0,-70.25000000000001
0,2026-12-01,2026-12-15,2026-12-15,planning,30,0,1,False,True,0.0,1.2790008421956571
0,2026-12-01,2026-12-15,2026-12-15,original,30,0,1,True,False,6.0,-80.25000000000001
0,2026-12-01,2026-12-15,2026-12-15,planning,30,0,1,True,True,0.0,-8.720999157804343
0,2026-12-01,2026-12-15,2027-01-14,original,30,30,0,False,False,9.0,-73.25000000000001
0,2026-12-01,2026-12-15,2027-01-14,planning,30,30,0,False,True,2.9000000000000004,-27.862565581833024
0,2026-12-01,2026-12-15,2027-01-14,original,30,30,0,True,False,9.0,-83.25000000000001
0,2026-12-01,2026-12-15,2027-01-14,planning,30,30,0,True,True,2.9000000000000004,-11.620999157804349
0,2026-12-01,2026-12-15,2027-01-14,original,30,30,0.5,False,False,9.0,-73.25000000000001
0,2026-12-01,2026-12-15,2027-01-14,planning,30,30,0.5,False,True,2.9000000000000004,-14.741782369818672
0,2026-12-01,2026-12-15,2027-01-14,original,30,30,0.5,True,False,9.0,-83.25000000000001
0,2026-12-01,2026-12-15,2027-01-14,planning,30,30,0.5,True,True,2.9000000000000004,-11.620999157804349
0,2026-12-01,2026-12-15,2027-01-14,original,30,30,1,False,False,9.0,-73.25000000000001
0,2026-12-01,2026-12-15,2027-01-14,planning,30,30,1,False,True,2.9000000000000004,-1.6209991578043486
0,2026-12-01,2026-12-15,2027-01-14,original,30,30,1,True,False,9.0,-83.25000000000001
0,2026-12-01,2026-12-15,2027-01-14,planning,30,30,1,True,True,2.9000000000000004,-11.620999157804349
0,2026-12-01,2026-12-15,2026-12-15,original,90,0,0,False,False,12.0,-76.25000000000001
0,2026-12-01,2026-12-15,2026-12-15,planning,90,0,0,False,True,5.9,-30.862565581833024
0,2026-12-01,2026-12-15,2026-12-15,original,90,0,0,True,False,12.0,-86.25000000000001
0,2026-12-01,2026-12-15,2026-12-15,planning,90,0,0,True,True,5.9,-14.620999157804349
0,2026-12-01,2026-12-15,2026-12-15,original,90,0,0.5,False,False,12.0,-76.25000000000001
0,2026-12-01,2026-12-15,2026-12-15,planning,90,0,0.5,False,True,5.9,-17.741782369818672
0,2026-12-01,2026-12-15,2026-12-15,original,90,0,0.5,True,False,12.0,-86.25000000000001
0,2026-12-01,2026-12-15,2026-12-15,planning,90,0,0.5,True,True,5.9,-14.620999157804349
0,2026-12-01,2026-12-15,2026-12-15,original,90,0,1,False,False,12.0,-76.25000000000001
0,2026-12-01,2026-12-15,2026-12-15,planning,90,0,1,False,True,5.9,-4.620999157804349
0,2026-12-01,2026-12-15,2026-12-15,original,90,0,1,True,False,12.0,-86.25000000000001
0,2026-12-01,2026-12-15,2026-12-15,planning,90,0,1,True,True,5.9,-14.620999157804349
0,2026-12-01,2026-12-15,2027-01-14,original,90,30,0,False,False,15.0,-79.25000000000001
0,2026-12-01,2026-12-15,2027-01-14,planning,90,30,0,False,False,8.9,-73.15000000000002
0,2026-12-01,2026-12-15,2027-01-14,original,90,30,0,True,False,15.0,-89.25000000000001
0,2026-12-01,2026-12-15,2027-01-14,planning,90,30,0,True,False,8.9,-83.15
0,2026-12-01,2026-12-15,2027-01-14,original,90,30,0.5,False,False,15.0,-79.25000000000001
0,2026-12-01,2026-12-15,2027-01-14,planning,90,30,0.5,False,False,8.9,-73.15000000000002
0,2026-12-01,2026-12-15,2027-01-14,original,90,30,0.5,True,False,15.0,-89.25000000000001
0,2026-12-01,2026-12-15,2027-01-14,planning,90,30,0.5,True,False,8.9,-83.15
0,2026-12-01,2026-12-15,2027-01-14,original,90,30,1,False,False,15.0,-79.25000000000001
0,2026-12-01,2026-12-15,2027-01-14,planning,90,30,1,False,False,8.9,-73.15000000000002
0,2026-12-01,2026-12-15,2027-01-14,original,90,30,1,True,False,15.0,-89.25000000000001
0,2026-12-01,2026-12-15,2027-01-14,planning,90,30,1,True,False,8.9,-83.15
0.5,2026-10-29,2026-11-12,2026-11-12,original,30,0,0,False,True,2.7,-27.372746531336773
0.5,2026-10-29,2026-11-12,2026-11-12,planning,30,0,0,False,True,0.0,-24.672746531336777
0.5,2026-10-29,2026-11-12,2026-11-12,original,30,0,0,True,True,2.7,-10.818986652417415
0.5,2026-10-29,2026-11-12,2026-11-12,planning,30,0,0,True,True,0.0,-8.11898665241742
0.5,2026-10-29,2026-11-12,2026-11-12,original,30,0,0.5,False,True,2.7,-14.09586659187709
0.5,2026-10-29,2026-11-12,2026-11-12,planning,30,0,0.5,False,True,0.0,-11.395866591877088
0.5,2026-10-29,2026-11-12,2026-11-12,original,30,0,0.5,True,True,2.7,-10.818986652417415
0.5,2026-10-29,2026-11-12,2026-11-12,planning,30,0,0.5,True,True,0.0,-8.11898665241742
0.5,2026-10-29,2026-11-12,2026-11-12,original,30,0,1,False,True,2.7,-0.818986652417415
0.5,2026-10-29,2026-11-12,2026-11-12,planning,30,0,1,False,True,0.0,1.8810133475825879
0.5,2026-10-29,2026-11-12,2026-11-12,original,30,0,1,True,True,2.7,-10.818986652417415
0.5,2026-10-29,2026-11-12,2026-11-12,planning,30,0,1,True,True,0.0,-8.11898665241742
0.5,2026-10-29,2026-11-12,2026-12-12,original,30,30,0,False,False,5.7,-69.95000000000002
0.5,2026-10-29,2026-11-12,2026-12-12,planning,30,30,0,False,True,0.0,-24.672746531336777
0.5,2026-10-29,2026-11-12,2026-12-12,original,30,30,0,True,False,5.7,-79.95000000000002
0.5,2026-10-29,2026-11-12,2026-12-12,planning,30,30,0,True,True,0.0,-8.11898665241742
0.5,2026-10-29,2026-11-12,2026-12-12,original,30,30,0.5,False,False,5.7,-69.95000000000002
0.5,2026-10-29,2026-11-12,2026-12-12,planning,30,30,0.5,False,True,0.0,-11.395866591877088
0.5,2026-10-29,2026-11-12,2026-12-12,original,30,30,0.5,True,False,5.7,-79.95000000000002
0.5,2026-10-29,2026-11-12,2026-12-12,planning,30,30,0.5,True,True,0.0,-8.11898665241742
0.5,2026-10-29,2026-11-12,2026-12-12,original,30,30,1,False,False,5.7,-69.95000000000002
0.5,2026-10-29,2026-11-12,2026-12-12,planning,30,30,1,False,True,0.0,1.8810133475825879
0.5,2026-10-29,2026-11-12,2026-12-12,original,30,30,1,True,False,5.7,-79.95000000000002
0.5,2026-10-29,2026-11-12,2026-12-12,planning,30,30,1,True,True,0.0,-8.11898665241742
0.5,2026-10-29,2026-11-12,2026-11-12,original,90,0,0,False,False,8.700000000000001,-72.95000000000002
0.5,2026-10-29,2026-11-12,2026-11-12,planning,90,0,0,False,True,2.6,-27.27274653133678
0.5,2026-10-29,2026-11-12,2026-11-12,original,90,0,0,True,False,8.700000000000001,-82.95000000000002
0.5,2026-10-29,2026-11-12,2026-11-12,planning,90,0,0,True,True,2.6,-10.718986652417414
0.5,2026-10-29,2026-11-12,2026-11-12,original,90,0,0.5,False,False,8.700000000000001,-72.95000000000002
0.5,2026-10-29,2026-11-12,2026-11-12,planning,90,0,0.5,False,True,2.6,-13.995866591877082
0.5,2026-10-29,2026-11-12,2026-11-12,original,90,0,0.5,True,False,8.700000000000001,-82.95000000000002
0.5,2026-10-29,2026-11-12,2026-11-12,planning,90,0,0.5,True,True,2.6,-10.718986652417414
0.5,2026-10-29,2026-11-12,2026-11-12,original,90,0,1,False,False,8.700000000000001,-72.95000000000002
0.5,2026-10-29,2026-11-12,2026-11-12,planning,90,0,1,False,True,2.6,-0.7189866524174136
0.5,2026-10-29,2026-11-12,2026-11-12,original,90,0,1,True,False,8.700000000000001,-82.95000000000002
0.5,2026-10-29,2026-11-12,2026-11-12,planning,90,0,1,True,True,2.6,-10.718986652417414
0.5,2026-10-29,2026-11-12,2026-12-12,original,90,30,0,False,False,11.700000000000001,-75.95000000000002
0.5,2026-10-29,2026-11-12,2026-12-12,planning,90,30,0,False,True,5.6000000000000005,-30.27274653133678
0.5,2026-10-29,2026-11-12,2026-12-12,original,90,30,0,True,False,11.700000000000001,-85.95000000000002
0.5,2026-10-29,2026-11-12,2026-12-12,planning,90,30,0,True,True,5.6000000000000005,-13.718986652417414
0.5,2026-10-29,2026-11-12,2026-12-12,original,90,30,0.5,False,False,11.700000000000001,-75.95000000000002
0.5,2026-10-29,2026-11-12,2026-12-12,planning,90,30,0.5,False,True,5.6000000000000005,-16.995866591877096
0.5,2026-10-29,2026-11-12,2026-12-12,original,90,30,0.5,True,False,11.700000000000001,-85.95000000000002
0.5,2026-10-29,2026-11-12,2026-12-12,planning,90,30,0.5,True,True,5.6000000000000005,-13.718986652417414
0.5,2026-10-29,2026-11-12,2026-12-12,original,90,30,1,False,False,11.700000000000001,-75.95000000000002
0.5,2026-10-29,2026-11-12,2026-12-12,planning,90,30,1,False,True,5.6000000000000005,-3.7189866524174136
0.5,2026-10-29,2026-11-12,2026-12-12,original,90,30,1,True,False,11.700000000000001,-85.95000000000002
0.5,2026-10-29,2026-11-12,2026-12-12,planning,90,30,1,True,True,5.6000000000000005,-13.718986652417414
0.5,2026-10-31,2026-11-14,2026-11-14,original,30,0,0,False,True,2.9000000000000004,-27.572746531336776
0.5,2026-10-31,2026-11-14,2026-11-14,planning,30,0,0,False,True,0.0,-24.672746531336777
0.5,2026-10-31,2026-11-14,2026-11-14,original,30,0,0,True,True,2.9000000000000004,-11.018986652417418
0.5,2026-10-31,2026-11-14,2026-11-14,planning,30,0,0,True,True,0.0,-8.11898665241742
0.5,2026-10-31,2026-11-14,2026-11-14,original,30,0,0.5,False,True,2.9000000000000004,-14.295866591877093
0.5,2026-10-31,2026-11-14,2026-11-14,planning,30,0,0.5,False,True,0.0,-11.395866591877088
0.5,2026-10-31,2026-11-14,2026-11-14,original,30,0,0.5,True,True,2.9000000000000004,-11.018986652417418
0.5,2026-10-31,2026-11-14,2026-11-14,planning,30,0,0.5,True,True,0.0,-8.11898665241742
0.5,2026-10-31,2026-11-14,2026-11-14,original,30,0,1,False,True,2.9000000000000004,-1.0189866524174178
0.5,2026-10-31,2026-11-14,2026-11-14,planning,30,0,1,False,True,0.0,1.8810133475825879
0.5,2026-10-31,2026-11-14,2026-11-14,original,30,0,1,True,True,2.9000000000000004,-11.018986652417418
0.5,2026-10-31,2026-11-14,2026-11-14,planning,30,0,1,True,True,0.0,-8.11898665241742
0.5,2026-10-31,2026-11-14,2026-12-14,original,30,30,0,False,False,5.9,-70.15000000000002
0.5,2026-10-31,2026-11-14,2026-12-14,planning,30,30,0,False,True,0.0,-24.672746531336777
0.5,2026-10-31,2026-11-14,2026-12-14,original,30,30,0,True,False,5.9,-80.15000000000002
0.5,2026-10-31,2026-11-14,2026-12-14,planning,30,30,0,True,True,0.0,-8.11898665241742
0.5,2026-10-31,2026-11-14,2026-12-14,original,30,30,0.5,False,False,5.9,-70.15000000000002
0.5,2026-10-31,2026-11-14,2026-12-14,planning,30,30,0.5,False,True,0.0,-11.395866591877088
0.5,2026-10-31,2026-11-14,2026-12-14,original,30,30,0.5,True,False,5.9,-80.15000000000002
0.5,2026-10-31,2026-11-14,2026-12-14,planning,30,30,0.5,True,True,0.0,-8.11898665241742
0.5,2026-10-31,2026-11-14,2026-12-14,original,30,30,1,False,False,5.9,-70.15000000000002
0.5,2026-10-31,2026-11-14,2026-12-14,planning,30,30,1,False,True,0.0,1.8810133475825879
0.5,2026-10-31,2026-11-14,2026-12-14,original,30,30,1,True,False,5.9,-80.15000000000002
0.5,2026-10-31,2026-11-14,2026-12-14,planning,30,30,1,True,True,0.0,-8.11898665241742
0.5,2026-10-31,2026-11-14,2026-11-14,original,90,0,0,False,False,8.9,-73.15000000000002
0.5,2026-10-31,2026-11-14,2026-11-14,planning,90,0,0,False,True,2.8000000000000003,-27.472746531336774
0.5,2026-10-31,2026-11-14,2026-11-14,original,90,0,0,True,False,8.9,-83.15000000000002
0.5,2026-10-31,2026-11-14,2026-11-14,planning,90,0,0,True,True,2.8000000000000003,-10.918986652417416
0.5,2026-10-31,2026-11-14,2026-11-14,original,90,0,0.5,False,False,8.9,-73.15000000000002
0.5,2026-10-31,2026-11-14,2026-11-14,planning,90,0,0.5,False,True,2.8000000000000003,-14.195866591877085
0.5,2026-10-31,2026-11-14,2026-11-14,original,90,0,0.5,True,False,8.9,-83.15000000000002
0.5,2026-10-31,2026-11-14,2026-11-14,planning,90,0,0.5,True,True,2.8000000000000003,-10.918986652417416
0.5,2026-10-31,2026-11-14,2026-11-14,original,90,0,1,False,False,8.9,-73.15000000000002
0.5,2026-10-31,2026-11-14,2026-11-14,planning,90,0,1,False,True,2.8000000000000003,-0.9189866524174164
0.5,2026-10-31,2026-11-14,2026-11-14,original,90,0,1,True,False,8.9,-83.15000000000002
0.5,2026-10-31,2026-11-14,2026-11-14,planning,90,0,1,True,True,2.8000000000000003,-10.918986652417416
0.5,2026-10-31,2026-11-14,2026-12-14,original,90,30,0,False,False,11.9,-76.15000000000002
0.5,2026-10-31,2026-11-14,2026-12-14,planning,90,30,0,False,True,5.800000000000001,-30.47274653133678
0.5,2026-10-31,2026-11-14,2026-12-14,original,90,30,0,True,False,11.9,-86.15000000000002
0.5,2026-10-31,2026-11-14,2026-12-14,planning,90,30,0,True,True,5.800000000000001,-13.918986652417416
0.5,2026-10-31,2026-11-14,2026-12-14,original,90,30,0.5,False,False,11.9,-76.15000000000002
0.5,2026-10-31,2026-11-14,2026-12-14,planning,90,30,0.5,False,True,5.800000000000001,-17.195866591877085
0.5,2026-10-31,2026-11-14,2026-12-14,original,90,30,0.5,True,False,11.9,-86.15000000000002
0.5,2026-10-31,2026-11-14,2026-12-14,planning,90,30,0.5,True,True,5.800000000000001,-13.918986652417416
0.5,2026-10-31,2026-11-14,2026-12-14,original,90,30,1,False,False,11.9,-76.15000000000002
0.5,2026-10-31,2026-11-14,2026-12-14,planning,90,30,1,False,True,5.800000000000001,-3.9189866524174164
0.5,2026-10-31,2026-11-14,2026-12-14,original,90,30,1,True,False,11.9,-86.15000000000002
0.5,2026-10-31,2026-11-14,2026-12-14,planning,90,30,1,True,True,5.800000000000001,-13.918986652417416
0.5,2026-12-01,2026-12-15,2026-12-15,original,30,0,0,False,False,6.0,-70.25000000000001
0.5,2026-12-01,2026-12-15,2026-12-15,planning,30,0,0,False,True,0.0,-24.672746531336777
0.5,2026-12-01,2026-12-15,2026-12-15,original,30,0,0,True,False,6.0,-80.25000000000001
0.5,2026-12-01,2026-12-15,2026-12-15,planning,30,0,0,True,True,0.0,-8.11898665241742
0.5,2026-12-01,2026-12-15,2026-12-15,original,30,0,0.5,False,False,6.0,-70.25000000000001
0.5,2026-12-01,2026-12-15,2026-12-15,planning,30,0,0.5,False,True,0.0,-11.395866591877088
0.5,2026-12-01,2026-12-15,2026-12-15,original,30,0,0.5,True,False,6.0,-80.25000000000001
0.5,2026-12-01,2026-12-15,2026-12-15,planning,30,0,0.5,True,True,0.0,-8.11898665241742
0.5,2026-12-01,2026-12-15,2026-12-15,original,30,0,1,False,False,6.0,-70.25000000000001
0.5,2026-12-01,2026-12-15,2026-12-15,planning,30,0,1,False,True,0.0,1.8810133475825879
0.5,2026-12-01,2026-12-15,2026-12-15,original,30,0,1,True,False,6.0,-80.25000000000001
0.5,2026-12-01,2026-12-15,2026-12-15,planning,30,0,1,True,True,0.0,-8.11898665241742
0.5,2026-12-01,2026-12-15,2027-01-14,original,30,30,0,False,False,9.0,-73.25000000000001
0.5,2026-12-01,2026-12-15,2027-01-14,planning,30,30,0,False,True,2.9000000000000004,-27.572746531336776
0.5,2026-12-01,2026-12-15,2027-01-14,original,30,30,0,True,False,9.0,-83.25000000000001
0.5,2026-12-01,2026-12-15,2027-01-14,planning,30,30,0,True,True,2.9000000000000004,-11.018986652417418
0.5,2026-12-01,2026-12-15,2027-01-14,original,30,30,0.5,False,False,9.0,-73.25000000000001
0.5,2026-12-01,2026-12-15,2027-01-14,planning,30,30,0.5,False,True,2.9000000000000004,-14.295866591877093
0.5,2026-12-01,2026-12-15,2027-01-14,original,30,30,0.5,True,False,9.0,-83.25000000000001
0.5,2026-12-01,2026-12-15,2027-01-14,planning,30,30,0.5,True,True,2.9000000000000004,-11.018986652417418
0.5,2026-12-01,2026-12-15,2027-01-14,original,30,30,1,False,False,9.0,-73.25000000000001
0.5,2026-12-01,2026-12-15,2027-01-14,planning,30,30,1,False,True,2.9000000000000004,-1.0189866524174178
0.5,2026-12-01,2026-12-15,2027-01-14,original,30,30,1,True,False,9.0,-83.25000000000001
0.5,2026-12-01,2026-12-15,2027-01-14,planning,30,30,1,True,True,2.9000000000000004,-11.018986652417418
0.5,2026-12-01,2026-12-15,2026-12-15,original,90,0,0,False,False,12.0,-76.25000000000001
0.5,2026-12-01,2026-12-15,2026-12-15,planning,90,0,0,False,True,5.9,-30.572746531336776
0.5,2026-12-01,2026-12-15,2026-12-15,original,90,0,0,True,False,12.0,-86.25000000000001
0.5,2026-12-01,2026-12-15,2026-12-15,planning,90,0,0,True,True,5.9,-14.01898665241741
0.5,2026-12-01,2026-12-15,2026-12-15,original,90,0,0.5,False,False,12.0,-76.25000000000001
0.5,2026-12-01,2026-12-15,2026-12-15,planning,90,0,0.5,False,True,5.9,-17.295866591877093
0.5,2026-12-01,2026-12-15,2026-12-15,original,90,0,0.5,True,False,12.0,-86.25000000000001
0.5,2026-12-01,2026-12-15,2026-12-15,planning,90,0,0.5,True,True,5.9,-14.01898665241741
0.5,2026-12-01,2026-12-15,2026-12-15,original,90,0,1,False,False,12.0,-76.25000000000001
0.5,2026-12-01,2026-12-15,2026-12-15,planning,90,0,1,False,True,5.9,-4.018986652417418
0.5,2026-12-01,2026-12-15,2026-12-15,original,90,0,1,True,False,12.0,-86.25000000000001
0.5,2026-12-01,2026-12-15,2026-12-15,planning,90,0,1,True,True,5.9,-14.01898665241741
0.5,2026-12-01,2026-12-15,2027-01-14,original,90,30,0,False,False,15.0,-79.25000000000001
0.5,2026-12-01,2026-12-15,2027-01-14,planning,90,30,0,False,False,8.9,-73.15000000000002
0.5,2026-12-01,2026-12-15,2027-01-14,original,90,30,0,True,False,15.0,-89.25000000000001
0.5,2026-12-01,2026-12-15,2027-01-14,planning,90,30,0,True,False,8.9,-83.15000000000002
0.5,2026-12-01,2026-12-15,2027-01-14,original,90,30,0.5,False,False,15.0,-79.25000000000001
0.5,2026-12-01,2026-12-15,2027-01-14,planning,90,30,0.5,False,False,8.9,-73.15000000000002
0.5,2026-12-01,2026-12-15,2027-01-14,original,90,30,0.5,True,False,15.0,-89.25000000000001
0.5,2026-12-01,2026-12-15,2027-01-14,planning,90,30,0.5,True,False,8.9,-83.15000000000002
0.5,2026-12-01,2026-12-15,2027-01-14,original,90,30,1,False,False,15.0,-79.25000000000001
0.5,2026-12-01,2026-12-15,2027-01-14,planning,90,30,1,False,False,8.9,-73.15000000000002
0.5,2026-12-01,2026-12-15,2027-01-14,original,90,30,1,True,False,15.0,-89.25000000000001
0.5,2026-12-01,2026-12-15,2027-01-14,planning,90,30,1,True,False,8.9,-83.15000000000002
1,2026-10-29,2026-11-12,2026-11-12,original,30,0,0,False,True,2.7,-27.082927480840553
1,2026-10-29,2026-11-12,2026-11-12,planning,30,0,0,False,True,0.0,-24.38292748084055
1,2026-10-29,2026-11-12,2026-11-12,original,30,0,0,True,True,2.7,-10.216974147030484
1,2026-10-29,2026-11-12,2026-11-12,planning,30,0,0,True,True,0.0,-7.5169741470304885
1,2026-10-29,2026-11-12,2026-11-12,original,30,0,0.5,False,True,2.7,-13.649950813935519
1,2026-10-29,2026-11-12,2026-11-12,planning,30,0,0.5,False,True,0.0,-10.949950813935523
1,2026-10-29,2026-11-12,2026-11-12,original,30,0,0.5,True,True,2.7,-10.216974147030484
1,2026-10-29,2026-11-12,2026-11-12,planning,30,0,0.5,True,True,0.0,-7.5169741470304885
1,2026-10-29,2026-11-12,2026-11-12,original,30,0,1,False,True,2.7,-0.21697414703049134
1,2026-10-29,2026-11-12,2026-11-12,planning,30,0,1,False,True,0.0,2.4830258529695044
1,2026-10-29,2026-11-12,2026-11-12,original,30,0,1,True,True,2.7,-10.216974147030484
1,2026-10-29,2026-11-12,2026-11-12,planning,30,0,1,True,True,0.0,-7.5169741470304885
1,2026-10-29,2026-11-12,2026-12-12,original,30,30,0,False,False,5.7,-69.95
1,2026-10-29,2026-11-12,2026-12-12,planning,30,30,0,False,True,0.0,-24.38292748084055
1,2026-10-29,2026-11-12,2026-12-12,original,30,30,0,True,False,5.7,-79.94999999999999
1,2026-10-29,2026-11-12,2026-12-12,planning,30,30,0,True,True,0.0,-7.5169741470304885
1,2026-10-29,2026-11-12,2026-12-12,original,30,30,0.5,False,False,5.7,-69.95
1,2026-10-29,2026-11-12,2026-12-12,planning,30,30,0.5,False,True,0.0,-10.949950813935523
1,2026-10-29,2026-11-12,2026-12-12,original,30,30,0.5,True,False,5.7,-79.94999999999999
1,2026-10-29,2026-11-12,2026-12-12,planning,30,30,0.5,True,True,0.0,-7.5169741470304885
1,2026-10-29,2026-11-12,2026-12-12,original,30,30,1,False,False,5.7,-69.95
1,2026-10-29,2026-11-12,2026-12-12,planning,30,30,1,False,True,0.0,2.4830258529695044
1,2026-10-29,2026-11-12,2026-12-12,original,30,30,1,True,False,5.7,-79.94999999999999
1,2026-10-29,2026-11-12,2026-12-12,planning,30,30,1,True,True,0.0,-7.5169741470304885
1,2026-10-29,2026-11-12,2026-11-12,original,90,0,0,False,False,8.700000000000001,-72.95
1,2026-10-29,2026-11-12,2026-11-12,planning,90,0,0,False,True,2.6,-26.982927480840544
1,2026-10-29,2026-11-12,2026-11-12,original,90,0,0,True,False,8.700000000000001,-82.95
1,2026-10-29,2026-11-12,2026-11-12,planning,90,0,0,True,True,2.6,-10.11697414703049
1,2026-10-29,2026-11-12,2026-11-12,original,90,0,0.5,False,False,8.700000000000001,-72.95
1,2026-10-29,2026-11-12,2026-11-12,planning,90,0,0.5,False,True,2.6,-13.549950813935517
1,2026-10-29,2026-11-12,2026-11-12,original,90,0,0.5,True,False,8.700000000000001,-82.95
1,2026-10-29,2026-11-12,2026-11-12,planning,90,0,0.5,True,True,2.6,-10.11697414703049
1,2026-10-29,2026-11-12,2026-11-12,original,90,0,1,False,False,8.700000000000001,-72.95
1,2026-10-29,2026-11-12,2026-11-12,planning,90,0,1,False,True,2.6,-0.11697414703048992
1,2026-10-29,2026-11-12,2026-11-12,original,90,0,1,True,False,8.700000000000001,-82.95
1,2026-10-29,2026-11-12,2026-11-12,planning,90,0,1,True,True,2.6,-10.11697414703049
1,2026-10-29,2026-11-12,2026-12-12,original,90,30,0,False,False,11.700000000000001,-75.95
1,2026-10-29,2026-11-12,2026-12-12,planning,90,30,0,False,True,5.6000000000000005,-29.982927480840544
1,2026-10-29,2026-11-12,2026-12-12,original,90,30,0,True,False,11.700000000000001,-85.95
1,2026-10-29,2026-11-12,2026-12-12,planning,90,30,0,True,True,5.6000000000000005,-13.11697414703049
1,2026-10-29,2026-11-12,2026-12-12,original,90,30,0.5,False,False,11.700000000000001,-75.95
1,2026-10-29,2026-11-12,2026-12-12,planning,90,30,0.5,False,True,5.6000000000000005,-16.549950813935517
1,2026-10-29,2026-11-12,2026-12-12,original,90,30,0.5,True,False,11.700000000000001,-85.95
1,2026-10-29,2026-11-12,2026-12-12,planning,90,30,0.5,True,True,5.6000000000000005,-13.11697414703049
1,2026-10-29,2026-11-12,2026-12-12,original,90,30,1,False,False,11.700000000000001,-75.95
1,2026-10-29,2026-11-12,2026-12-12,planning,90,30,1,False,True,5.6000000000000005,-3.11697414703049
1,2026-10-29,2026-11-12,2026-12-12,original,90,30,1,True,False,11.700000000000001,-85.95
1,2026-10-29,2026-11-12,2026-12-12,planning,90,30,1,True,True,5.6000000000000005,-13.11697414703049
1,2026-10-31,2026-11-14,2026-11-14,original,30,0,0,False,True,2.9000000000000004,-27.28292748084054
1,2026-10-31,2026-11-14,2026-11-14,planning,30,0,0,False,True,0.0,-24.38292748084055
1,2026-10-31,2026-11-14,2026-11-14,original,30,0,0,True,True,2.9000000000000004,-10.416974147030487
1,2026-10-31,2026-11-14,2026-11-14,planning,30,0,0,True,True,0.0,-7.5169741470304885
1,2026-10-31,2026-11-14,2026-11-14,original,30,0,0.5,False,True,2.9000000000000004,-13.849950813935514
1,2026-10-31,2026-11-14,2026-11-14,planning,30,0,0.5,False,True,0.0,-10.949950813935523
1,2026-10-31,2026-11-14,2026-11-14,original,30,0,0.5,True,True,2.9000000000000004,-10.416974147030487
1,2026-10-31,2026-11-14,2026-11-14,planning,30,0,0.5,True,True,0.0,-7.5169741470304885
1,2026-10-31,2026-11-14,2026-11-14,original,30,0,1,False,True,2.9000000000000004,-0.4169741470304871
1,2026-10-31,2026-11-14,2026-11-14,planning,30,0,1,False,True,0.0,2.4830258529695044
1,2026-10-31,2026-11-14,2026-11-14,original,30,0,1,True,True,2.9000000000000004,-10.416974147030487
1,2026-10-31,2026-11-14,2026-11-14,planning,30,0,1,True,True,0.0,-7.5169741470304885
1,2026-10-31,2026-11-14,2026-12-14,original,30,30,0,False,False,5.9,-70.15
1,2026-10-31,2026-11-14,2026-12-14,planning,30,30,0,False,True,0.0,-24.38292748084055
1,2026-10-31,2026-11-14,2026-12-14,original,30,30,0,True,False,5.9,-80.15
1,2026-10-31,2026-11-14,2026-12-14,planning,30,30,0,True,True,0.0,-7.5169741470304885
1,2026-10-31,2026-11-14,2026-12-14,original,30,30,0.5,False,False,5.9,-70.15
1,2026-10-31,2026-11-14,2026-12-14,planning,30,30,0.5,False,True,0.0,-10.949950813935523
1,2026-10-31,2026-11-14,2026-12-14,original,30,30,0.5,True,False,5.9,-80.15
1,2026-10-31,2026-11-14,2026-12-14,planning,30,30,0.5,True,True,0.0,-7.5169741470304885
1,2026-10-31,2026-11-14,2026-12-14,original,30,30,1,False,False,5.9,-70.15
1,2026-10-31,2026-11-14,2026-12-14,planning,30,30,1,False,True,0.0,2.4830258529695044
1,2026-10-31,2026-11-14,2026-12-14,original,30,30,1,True,False,5.9,-80.15
1,2026-10-31,2026-11-14,2026-12-14,planning,30,30,1,True,True,0.0,-7.5169741470304885
1,2026-10-31,2026-11-14,2026-11-14,original,90,0,0,False,False,8.9,-73.15
1,2026-10-31,2026-11-14,2026-11-14,planning,90,0,0,False,True,2.8000000000000003,-27.182927480840547
1,2026-10-31,2026-11-14,2026-11-14,original,90,0,0,True,False,8.9,-83.15
1,2026-10-31,2026-11-14,2026-11-14,planning,90,0,0,True,True,2.8000000000000003,-10.316974147030486
1,2026-10-31,2026-11-14,2026-11-14,original,90,0,0.5,False,False,8.9,-73.15
1,2026-10-31,2026-11-14,2026-11-14,planning,90,0,0.5,False,True,2.8000000000000003,-13.749950813935513
1,2026-10-31,2026-11-14,2026-11-14,original,90,0,0.5,True,False,8.9,-83.15
1,2026-10-31,2026-11-14,2026-11-14,planning,90,0,0.5,True,True,2.8000000000000003,-10.316974147030486
1,2026-10-31,2026-11-14,2026-11-14,original,90,0,1,False,False,8.9,-73.15
1,2026-10-31,2026-11-14,2026-11-14,planning,90,0,1,False,True,2.8000000000000003,-0.31697414703049276
1,2026-10-31,2026-11-14,2026-11-14,original,90,0,1,True,False,8.9,-83.15
1,2026-10-31,2026-11-14,2026-11-14,planning,90,0,1,True,True,2.8000000000000003,-10.316974147030486
1,2026-10-31,2026-11-14,2026-12-14,original,90,30,0,False,False,11.9,-76.15
1,2026-10-31,2026-11-14,2026-12-14,planning,90,30,0,False,True,5.800000000000001,-30.182927480840547
1,2026-10-31,2026-11-14,2026-12-14,original,90,30,0,True,False,11.9,-86.15
1,2026-10-31,2026-11-14,2026-12-14,planning,90,30,0,True,True,5.800000000000001,-13.316974147030486
1,2026-10-31,2026-11-14,2026-12-14,original,90,30,0.5,False,False,11.9,-76.15
1,2026-10-31,2026-11-14,2026-12-14,planning,90,30,0.5,False,True,5.800000000000001,-16.74995081393552
1,2026-10-31,2026-11-14,2026-12-14,original,90,30,0.5,True,False,11.9,-86.15
1,2026-10-31,2026-11-14,2026-12-14,planning,90,30,0.5,True,True,5.800000000000001,-13.316974147030486
1,2026-10-31,2026-11-14,2026-12-14,original,90,30,1,False,False,11.9,-76.15
1,2026-10-31,2026-11-14,2026-12-14,planning,90,30,1,False,True,5.800000000000001,-3.3169741470304928
1,2026-10-31,2026-11-14,2026-12-14,original,90,30,1,True,False,11.9,-86.15
1,2026-10-31,2026-11-14,2026-12-14,planning,90,30,1,True,True,5.800000000000001,-13.316974147030486
1,2026-12-01,2026-12-15,2026-12-15,original,30,0,0,False,False,6.0,-70.25
1,2026-12-01,2026-12-15,2026-12-15,planning,30,0,0,False,True,0.0,-24.38292748084055
1,2026-12-01,2026-12-15,2026-12-15,original,30,0,0,True,False,6.0,-80.25
1,2026-12-01,2026-12-15,2026-12-15,planning,30,0,0,True,True,0.0,-7.5169741470304885
1,2026-12-01,2026-12-15,2026-12-15,original,30,0,0.5,False,False,6.0,-70.25
1,2026-12-01,2026-12-15,2026-12-15,planning,30,0,0.5,False,True,0.0,-10.949950813935523
1,2026-12-01,2026-12-15,2026-12-15,original,30,0,0.5,True,False,6.0,-80.25
1,2026-12-01,2026-12-15,2026-12-15,planning,30,0,0.5,True,True,0.0,-7.5169741470304885
1,2026-12-01,2026-12-15,2026-12-15,original,30,0,1,False,False,6.0,-70.25
1,2026-12-01,2026-12-15,2026-12-15,planning,30,0,1,False,True,0.0,2.4830258529695044
1,2026-12-01,2026-12-15,2026-12-15,original,30,0,1,True,False,6.0,-80.25
1,2026-12-01,2026-12-15,2026-12-15,planning,30,0,1,True,True,0.0,-7.5169741470304885
1,2026-12-01,2026-12-15,2027-01-14,original,30,30,0,False,False,9.0,-73.25
1,2026-12-01,2026-12-15,2027-01-14,planning,30,30,0,False,True,2.9000000000000004,-27.28292748084054
1,2026-12-01,2026-12-15,2027-01-14,original,30,30,0,True,False,9.0,-83.25
1,2026-12-01,2026-12-15,2027-01-14,planning,30,30,0,True,True,2.9000000000000004,-10.416974147030487
1,2026-12-01,2026-12-15,2027-01-14,original,30,30,0.5,False,False,9.0,-73.25
1,2026-12-01,2026-12-15,2027-01-14,planning,30,30,0.5,False,True,2.9000000000000004,-13.849950813935514
1,2026-12-01,2026-12-15,2027-01-14,original,30,30,0.5,True,False,9.0,-83.25
1,2026-12-01,2026-12-15,2027-01-14,planning,30,30,0.5,True,True,2.9000000000000004,-10.416974147030487
1,2026-12-01,2026-12-15,2027-01-14,original,30,30,1,False,False,9.0,-73.25
1,2026-12-01,2026-12-15,2027-01-14,planning,30,30,1,False,True,2.9000000000000004,-0.4169741470304871
1,2026-12-01,2026-12-15,2027-01-14,original,30,30,1,True,False,9.0,-83.25
1,2026-12-01,2026-12-15,2027-01-14,planning,30,30,1,True,True,2.9000000000000004,-10.416974147030487
1,2026-12-01,2026-12-15,2026-12-15,original,90,0,0,False,False,12.0,-76.25
1,2026-12-01,2026-12-15,2026-12-15,planning,90,0,0,False,True,5.9,-30.28292748084054
1,2026-12-01,2026-12-15,2026-12-15,original,90,0,0,True,False,12.0,-86.25
1,2026-12-01,2026-12-15,2026-12-15,planning,90,0,0,True,True,5.9,-13.416974147030487
1,2026-12-01,2026-12-15,2026-12-15,original,90,0,0.5,False,False,12.0,-76.25
1,2026-12-01,2026-12-15,2026-12-15,planning,90,0,0.5,False,True,5.9,-16.849950813935514
1,2026-12-01,2026-12-15,2026-12-15,original,90,0,0.5,True,False,12.0,-86.25
1,2026-12-01,2026-12-15,2026-12-15,planning,90,0,0.5,True,True,5.9,-13.416974147030487
1,2026-12-01,2026-12-15,2026-12-15,original,90,0,1,False,False,12.0,-76.25
1,2026-12-01,2026-12-15,2026-12-15,planning,90,0,1,False,True,5.9,-3.416974147030487
1,2026-12-01,2026-12-15,2026-12-15,original,90,0,1,True,False,12.0,-86.25
1,2026-12-01,2026-12-15,2026-12-15,planning,90,0,1,True,True,5.9,-13.416974147030487
1,2026-12-01,2026-12-15,2027-01-14,original,90,30,0,False,False,15.0,-79.25
1,2026-12-01,2026-12-15,2027-01-14,planning,90,30,0,False,False,8.9,-73.15
1,2026-12-01,2026-12-15,2027-01-14,original,90,30,0,True,False,15.0,-89.25
1,2026-12-01,2026-12-15,2027-01-14,planning,90,30,0,True,False,8.9,-83.15
1,2026-12-01,2026-12-15,2027-01-14,original,90,30,0.5,False,False,15.0,-79.25
1,2026-12-01,2026-12-15,2027-01-14,planning,90,30,0.5,False,False,8.9,-73.15
1,2026-12-01,2026-12-15,2027-01-14,original,90,30,0.5,True,False,15.0,-89.25
1,2026-12-01,2026-12-15,2027-01-14,planning,90,30,0.5,True,False,8.9,-83.15
1,2026-12-01,2026-12-15,2027-01-14,original,90,30,1,False,False,15.0,-79.25
1,2026-12-01,2026-12-15,2027-01-14,planning,90,30,1,False,False,8.9,-73.15
1,2026-12-01,2026-12-15,2027-01-14,original,90,30,1,True,False,15.0,-89.25
1,2026-12-01,2026-12-15,2027-01-14,planning,90,30,1,True,False,8.9,-83.15
