prior,theta,relevance,rho,revisions,history_detection,evsi_MUSD,net_wait_gain_MUSD,preferred
uniform,"(0.6, 0.2, 0.2)",0,0,HH,0.7,7.105427357601002e-15,-14.999999999999993,realocate_now
uniform,"(0.6, 0.2, 0.2)",0,0,HH,1,1.4210854715202004e-14,-14.999999999999986,realocate_now
uniform,"(0.6, 0.2, 0.2)",0,0,HM,0.7,7.105427357601002e-15,-14.999999999999993,realocate_now
uniform,"(0.6, 0.2, 0.2)",0,0,HM,1,7.105427357601002e-15,-14.999999999999993,realocate_now
uniform,"(0.6, 0.2, 0.2)",0,0,MH,0.7,7.105427357601002e-15,-14.999999999999993,realocate_now
uniform,"(0.6, 0.2, 0.2)",0,0,MH,1,1.4210854715202004e-14,-14.999999999999979,realocate_now
uniform,"(0.6, 0.2, 0.2)",0,0,MM,0.7,7.105427357601002e-15,-14.999999999999993,realocate_now
uniform,"(0.6, 0.2, 0.2)",0,0,MM,1,7.105427357601002e-15,-14.999999999999986,realocate_now
uniform,"(0.6, 0.2, 0.2)",0,0,unknown,0.7,0.0,-15.0,realocate_now
uniform,"(0.6, 0.2, 0.2)",0,0,unknown,1,1.4210854715202004e-14,-14.999999999999986,realocate_now
uniform,"(0.6, 0.2, 0.2)",0,0.25,HH,0.7,0.0,-15.0,realocate_now
uniform,"(0.6, 0.2, 0.2)",0,0.25,HH,1,-7.105427357601002e-15,-15.0,realocate_now
uniform,"(0.6, 0.2, 0.2)",0,0.25,HM,0.7,0.0,-15.0,realocate_now
uniform,"(0.6, 0.2, 0.2)",0,0.25,HM,1,-1.4210854715202004e-14,-15.000000000000014,realocate_now
uniform,"(0.6, 0.2, 0.2)",0,0.25,MH,0.7,0.0,-14.999999999999993,realocate_now
uniform,"(0.6, 0.2, 0.2)",0,0.25,MH,1,0.0,-15.0,realocate_now
uniform,"(0.6, 0.2, 0.2)",0,0.25,MM,0.7,0.0,-15.000000000000007,realocate_now
uniform,"(0.6, 0.2, 0.2)",0,0.25,MM,1,-1.4210854715202004e-14,-15.000000000000014,realocate_now
uniform,"(0.6, 0.2, 0.2)",0,0.25,unknown,0.7,0.0,-14.999999999999993,realocate_now
uniform,"(0.6, 0.2, 0.2)",0,0.25,unknown,1,-7.105427357601002e-15,-15.000000000000007,realocate_now
uniform,"(0.6, 0.2, 0.2)",0.5,0,HH,0.7,-7.105427357601002e-15,-15.000000000000007,realocate_now
uniform,"(0.6, 0.2, 0.2)",0.5,0,HH,1,7.105427357601002e-15,-14.999999999999993,realocate_now
uniform,"(0.6, 0.2, 0.2)",0.5,0,HM,0.7,7.105427357601002e-15,-14.999999999999993,realocate_now
uniform,"(0.6, 0.2, 0.2)",0.5,0,HM,1,7.105427357601002e-15,-14.999999999999993,realocate_now
uniform,"(0.6, 0.2, 0.2)",0.5,0,MH,0.7,7.105427357601002e-15,-14.999999999999993,realocate_now
uniform,"(0.6, 0.2, 0.2)",0.5,0,MH,1,1.4210854715202004e-14,-14.999999999999979,realocate_now
uniform,"(0.6, 0.2, 0.2)",0.5,0,MM,0.7,0.0,-15.0,realocate_now
uniform,"(0.6, 0.2, 0.2)",0.5,0,MM,1,7.105427357601002e-15,-14.999999999999993,realocate_now
uniform,"(0.6, 0.2, 0.2)",0.5,0,unknown,0.7,0.0,-15.0,realocate_now
uniform,"(0.6, 0.2, 0.2)",0.5,0,unknown,1,1.4210854715202004e-14,-14.999999999999986,realocate_now
uniform,"(0.6, 0.2, 0.2)",0.5,0.25,HH,0.7,0.0,-15.000000000000007,realocate_now
uniform,"(0.6, 0.2, 0.2)",0.5,0.25,HH,1,0.0,-15.000000000000007,realocate_now
uniform,"(0.6, 0.2, 0.2)",0.5,0.25,HM,0.7,0.0,-15.0,realocate_now
uniform,"(0.6, 0.2, 0.2)",0.5,0.25,HM,1,-1.4210854715202004e-14,-15.000000000000014,realocate_now
uniform,"(0.6, 0.2, 0.2)",0.5,0.25,MH,0.7,0.0,-14.999999999999993,realocate_now
uniform,"(0.6, 0.2, 0.2)",0.5,0.25,MH,1,0.0,-15.0,realocate_now
uniform,"(0.6, 0.2, 0.2)",0.5,0.25,MM,0.7,7.105427357601002e-15,-15.0,realocate_now
uniform,"(0.6, 0.2, 0.2)",0.5,0.25,MM,1,0.0,-15.0,realocate_now
uniform,"(0.6, 0.2, 0.2)",0.5,0.25,unknown,0.7,7.105427357601002e-15,-14.999999999999993,realocate_now
uniform,"(0.6, 0.2, 0.2)",0.5,0.25,unknown,1,-1.4210854715202004e-14,-15.000000000000014,realocate_now
uniform,"(0.6, 0.2, 0.2)",1,0,HH,0.7,-1.4210854715202004e-14,-15.000000000000014,realocate_now
uniform,"(0.6, 0.2, 0.2)",1,0,HH,1,0.0,-15.0,realocate_now
uniform,"(0.6, 0.2, 0.2)",1,0,HM,0.7,7.105427357601002e-15,-14.999999999999993,realocate_now
uniform,"(0.6, 0.2, 0.2)",1,0,HM,1,7.105427357601002e-15,-14.999999999999993,realocate_now
uniform,"(0.6, 0.2, 0.2)",1,0,MH,0.7,7.105427357601002e-15,-14.999999999999993,realocate_now
uniform,"(0.6, 0.2, 0.2)",1,0,MH,1,1.4210854715202004e-14,-14.999999999999979,realocate_now
uniform,"(0.6, 0.2, 0.2)",1,0,MM,0.7,-7.105427357601002e-15,-15.000000000000007,realocate_now
uniform,"(0.6, 0.2, 0.2)",1,0,MM,1,0.0,-15.0,realocate_now
uniform,"(0.6, 0.2, 0.2)",1,0,unknown,0.7,7.105427357601002e-15,-14.999999999999993,realocate_now
uniform,"(0.6, 0.2, 0.2)",1,0,unknown,1,7.105427357601002e-15,-14.999999999999986,realocate_now
uniform,"(0.6, 0.2, 0.2)",1,0.25,HH,0.7,0.0,-15.000000000000007,realocate_now
uniform,"(0.6, 0.2, 0.2)",1,0.25,HH,1,-7.105427357601002e-15,-15.000000000000007,realocate_now
uniform,"(0.6, 0.2, 0.2)",1,0.25,HM,0.7,0.0,-15.0,realocate_now
uniform,"(0.6, 0.2, 0.2)",1,0.25,HM,1,-1.4210854715202004e-14,-15.000000000000014,realocate_now
uniform,"(0.6, 0.2, 0.2)",1,0.25,MH,0.7,0.0,-14.999999999999993,realocate_now
uniform,"(0.6, 0.2, 0.2)",1,0.25,MH,1,0.0,-15.0,realocate_now
uniform,"(0.6, 0.2, 0.2)",1,0.25,MM,0.7,7.105427357601002e-15,-14.999999999999993,realocate_now
uniform,"(0.6, 0.2, 0.2)",1,0.25,MM,1,0.0,-15.0,realocate_now
uniform,"(0.6, 0.2, 0.2)",1,0.25,unknown,0.7,-7.105427357601002e-15,-15.000000000000007,realocate_now
uniform,"(0.6, 0.2, 0.2)",1,0.25,unknown,1,-1.4210854715202004e-14,-15.000000000000014,realocate_now
uniform,"(0.2, 0.6, 0.2)",0,0,HH,0.7,0.0,-15.0,realocate_now
uniform,"(0.2, 0.6, 0.2)",0,0,HH,1,1.4210854715202004e-14,-14.999999999999986,realocate_now
uniform,"(0.2, 0.6, 0.2)",0,0,HM,0.7,0.0,-15.0,realocate_now
uniform,"(0.2, 0.6, 0.2)",0,0,HM,1,1.4210854715202004e-14,-14.999999999999979,realocate_now
uniform,"(0.2, 0.6, 0.2)",0,0,MH,0.7,7.105427357601002e-15,-14.999999999999993,realocate_now
uniform,"(0.2, 0.6, 0.2)",0,0,MH,1,1.4210854715202004e-14,-14.999999999999986,realocate_now
uniform,"(0.2, 0.6, 0.2)",0,0,MM,0.7,0.0,-15.0,realocate_now
uniform,"(0.2, 0.6, 0.2)",0,0,MM,1,2.1316282072803006e-14,-14.999999999999979,realocate_now
uniform,"(0.2, 0.6, 0.2)",0,0,unknown,0.7,0.0,-15.0,realocate_now
uniform,"(0.2, 0.6, 0.2)",0,0,unknown,1,1.4210854715202004e-14,-14.999999999999986,realocate_now
uniform,"(0.2, 0.6, 0.2)",0,0.25,HH,0.7,7.105427357601002e-15,-14.999999999999993,realocate_now
uniform,"(0.2, 0.6, 0.2)",0,0.25,HH,1,0.0,-15.000000000000007,realocate_now
uniform,"(0.2, 0.6, 0.2)",0,0.25,HM,0.7,0.0,-15.0,realocate_now
uniform,"(0.2, 0.6, 0.2)",0,0.25,HM,1,1.4210854715202004e-14,-14.999999999999986,realocate_now
uniform,"(0.2, 0.6, 0.2)",0,0.25,MH,0.7,0.0,-15.0,realocate_now
uniform,"(0.2, 0.6, 0.2)",0,0.25,MH,1,7.105427357601002e-15,-14.999999999999993,realocate_now
uniform,"(0.2, 0.6, 0.2)",0,0.25,MM,0.7,0.0,-15.0,realocate_now
uniform,"(0.2, 0.6, 0.2)",0,0.25,MM,1,1.4210854715202004e-14,-14.999999999999986,realocate_now
uniform,"(0.2, 0.6, 0.2)",0,0.25,unknown,0.7,7.105427357601002e-15,-14.999999999999993,realocate_now
uniform,"(0.2, 0.6, 0.2)",0,0.25,unknown,1,7.105427357601002e-15,-14.999999999999993,realocate_now
uniform,"(0.2, 0.6, 0.2)",0.5,0,HH,0.7,-1.4210854715202004e-14,-15.000000000000014,realocate_now
uniform,"(0.2, 0.6, 0.2)",0.5,0,HH,1,7.105427357601002e-15,-14.999999999999993,realocate_now
uniform,"(0.2, 0.6, 0.2)",0.5,0,HM,0.7,0.0,-15.0,realocate_now
uniform,"(0.2, 0.6, 0.2)",0.5,0,HM,1,1.4210854715202004e-14,-14.999999999999979,realocate_now
uniform,"(0.2, 0.6, 0.2)",0.5,0,MH,0.7,7.105427357601002e-15,-14.999999999999993,realocate_now
uniform,"(0.2, 0.6, 0.2)",0.5,0,MH,1,1.4210854715202004e-14,-14.999999999999986,realocate_now
uniform,"(0.2, 0.6, 0.2)",0.5,0,MM,0.7,0.0,-14.999999999999993,realocate_now
uniform,"(0.2, 0.6, 0.2)",0.5,0,MM,1,1.4210854715202004e-14,-14.999999999999986,realocate_now
uniform,"(0.2, 0.6, 0.2)",0.5,0,unknown,0.7,0.0,-15.0,realocate_now
uniform,"(0.2, 0.6, 0.2)",0.5,0,unknown,1,2.842170943040401e-14,-14.999999999999972,realocate_now
uniform,"(0.2, 0.6, 0.2)",0.5,0.25,HH,0.7,0.0,-15.0,realocate_now
uniform,"(0.2, 0.6, 0.2)",0.5,0.25,HH,1,-7.105427357601002e-15,-15.000000000000007,realocate_now
uniform,"(0.2, 0.6, 0.2)",0.5,0.25,HM,0.7,0.0,-15.0,realocate_now
uniform,"(0.2, 0.6, 0.2)",0.5,0.25,HM,1,1.4210854715202004e-14,-14.999999999999986,realocate_now
uniform,"(0.2, 0.6, 0.2)",0.5,0.25,MH,0.7,0.0,-15.0,realocate_now
uniform,"(0.2, 0.6, 0.2)",0.5,0.25,MH,1,7.105427357601002e-15,-14.999999999999993,realocate_now
uniform,"(0.2, 0.6, 0.2)",0.5,0.25,MM,0.7,0.0,-15.0,realocate_now
uniform,"(0.2, 0.6, 0.2)",0.5,0.25,MM,1,1.4210854715202004e-14,-14.999999999999986,realocate_now
uniform,"(0.2, 0.6, 0.2)",0.5,0.25,unknown,0.7,7.105427357601002e-15,-14.999999999999993,realocate_now
uniform,"(0.2, 0.6, 0.2)",0.5,0.25,unknown,1,7.105427357601002e-15,-14.999999999999993,realocate_now
uniform,"(0.2, 0.6, 0.2)",1,0,HH,0.7,-2.1316282072803006e-14,-15.000000000000021,realocate_now
uniform,"(0.2, 0.6, 0.2)",1,0,HH,1,0.0,-15.0,realocate_now
uniform,"(0.2, 0.6, 0.2)",1,0,HM,0.7,0.0,-15.0,realocate_now
uniform,"(0.2, 0.6, 0.2)",1,0,HM,1,1.4210854715202004e-14,-14.999999999999979,realocate_now
uniform,"(0.2, 0.6, 0.2)",1,0,MH,0.7,7.105427357601002e-15,-14.999999999999993,realocate_now
uniform,"(0.2, 0.6, 0.2)",1,0,MH,1,1.4210854715202004e-14,-14.999999999999986,realocate_now
uniform,"(0.2, 0.6, 0.2)",1,0,MM,0.7,1.9049594076035063,-10.886819743174094,realocate_now
uniform,"(0.2, 0.6, 0.2)",1,0,MM,1,3.9898511748802363,-8.720999157804336,realocate_now
uniform,"(0.2, 0.6, 0.2)",1,0,unknown,0.7,0.0,-15.0,realocate_now
uniform,"(0.2, 0.6, 0.2)",1,0,unknown,1,1.4210854715202004e-14,-14.999999999999979,realocate_now
uniform,"(0.2, 0.6, 0.2)",1,0.25,HH,0.7,0.0,-15.000000000000007,realocate_now
uniform,"(0.2, 0.6, 0.2)",1,0.25,HH,1,-7.105427357601002e-15,-15.000000000000007,realocate_now
uniform,"(0.2, 0.6, 0.2)",1,0.25,HM,0.7,0.0,-15.0,realocate_now
uniform,"(0.2, 0.6, 0.2)",1,0.25,HM,1,1.4210854715202004e-14,-14.999999999999986,realocate_now
uniform,"(0.2, 0.6, 0.2)",1,0.25,MH,0.7,0.0,-15.0,realocate_now
uniform,"(0.2, 0.6, 0.2)",1,0.25,MH,1,7.105427357601002e-15,-14.999999999999993,realocate_now
uniform,"(0.2, 0.6, 0.2)",1,0.25,MM,0.7,0.0,-15.0,realocate_now
uniform,"(0.2, 0.6, 0.2)",1,0.25,MM,1,0.0,-14.999999999999993,realocate_now
uniform,"(0.2, 0.6, 0.2)",1,0.25,unknown,0.7,0.0,-15.000000000000007,realocate_now
uniform,"(0.2, 0.6, 0.2)",1,0.25,unknown,1,7.105427357601002e-15,-14.999999999999993,realocate_now
uniform,"(0.1, 0.8, 0.1)",0,0,HH,0.7,-2.1316282072803006e-14,-15.000000000000021,realocate_now
uniform,"(0.1, 0.8, 0.1)",0,0,HH,1,-7.105427357601002e-15,-15.000000000000007,realocate_now
uniform,"(0.1, 0.8, 0.1)",0,0,HM,0.7,0.0,-15.0,realocate_now
uniform,"(0.1, 0.8, 0.1)",0,0,HM,1,7.105427357601002e-15,-14.911241067383507,realocate_now
uniform,"(0.1, 0.8, 0.1)",0,0,MH,0.7,-1.4210854715202004e-14,-15.000000000000014,realocate_now
uniform,"(0.1, 0.8, 0.1)",0,0,MH,1,-7.105427357601002e-15,-15.000000000000007,realocate_now
uniform,"(0.1, 0.8, 0.1)",0,0,MM,0.7,7.105427357601002e-15,-14.999999999999993,realocate_now
uniform,"(0.1, 0.8, 0.1)",0,0,MM,1,0.0,-14.85271877512286,realocate_now
uniform,"(0.1, 0.8, 0.1)",0,0,unknown,0.7,0.0,-15.0,realocate_now
uniform,"(0.1, 0.8, 0.1)",0,0,unknown,1,0.0,-15.0,realocate_now
uniform,"(0.1, 0.8, 0.1)",0,0.25,HH,0.7,7.105427357601002e-15,-14.999999999999993,realocate_now
uniform,"(0.1, 0.8, 0.1)",0,0.25,HH,1,-2.1316282072803006e-14,-15.000000000000028,realocate_now
uniform,"(0.1, 0.8, 0.1)",0,0.25,HM,0.7,7.105427357601002e-15,-14.999999999999993,realocate_now
uniform,"(0.1, 0.8, 0.1)",0,0.25,HM,1,-1.4210854715202004e-14,-15.000000000000007,realocate_now
uniform,"(0.1, 0.8, 0.1)",0,0.25,MH,0.7,2.1316282072803006e-14,-14.999999999999979,realocate_now
uniform,"(0.1, 0.8, 0.1)",0,0.25,MH,1,-2.1316282072803006e-14,-15.000000000000021,realocate_now
uniform,"(0.1, 0.8, 0.1)",0,0.25,MM,0.7,1.4210854715202004e-14,-14.999999999999979,realocate_now
uniform,"(0.1, 0.8, 0.1)",0,0.25,MM,1,0.0,-15.0,realocate_now
uniform,"(0.1, 0.8, 0.1)",0,0.25,unknown,0.7,1.4210854715202004e-14,-14.999999999999986,realocate_now
uniform,"(0.1, 0.8, 0.1)",0,0.25,unknown,1,-1.4210854715202004e-14,-15.000000000000021,realocate_now
uniform,"(0.1, 0.8, 0.1)",0.5,0,HH,0.7,-1.4210854715202004e-14,-15.000000000000014,realocate_now
uniform,"(0.1, 0.8, 0.1)",0.5,0,HH,1,-1.4210854715202004e-14,-15.000000000000014,realocate_now
uniform,"(0.1, 0.8, 0.1)",0.5,0,HM,0.7,0.0,-15.0,realocate_now
uniform,"(0.1, 0.8, 0.1)",0.5,0,HM,1,7.105427357601002e-15,-14.911241067383507,realocate_now
uniform,"(0.1, 0.8, 0.1)",0.5,0,MH,0.7,-1.4210854715202004e-14,-15.000000000000014,realocate_now
uniform,"(0.1, 0.8, 0.1)",0.5,0,MH,1,-7.105427357601002e-15,-15.000000000000007,realocate_now
uniform,"(0.1, 0.8, 0.1)",0.5,0,MM,0.7,0.0,-14.999999999999993,realocate_now
uniform,"(0.1, 0.8, 0.1)",0.5,0,MM,1,4.539038330433385,-7.7634098663675175,realocate_now
uniform,"(0.1, 0.8, 0.1)",0.5,0,unknown,0.7,-7.105427357601002e-15,-15.000000000000007,realocate_now
uniform,"(0.1, 0.8, 0.1)",0.5,0,unknown,1,7.105427357601002e-15,-14.999999999999993,realocate_now
uniform,"(0.1, 0.8, 0.1)",0.5,0.25,HH,0.7,7.105427357601002e-15,-15.0,realocate_now
uniform,"(0.1, 0.8, 0.1)",0.5,0.25,HH,1,-1.4210854715202004e-14,-15.000000000000014,realocate_now
uniform,"(0.1, 0.8, 0.1)",0.5,0.25,HM,0.7,7.105427357601002e-15,-14.999999999999993,realocate_now
uniform,"(0.1, 0.8, 0.1)",0.5,0.25,HM,1,-1.4210854715202004e-14,-15.000000000000007,realocate_now
uniform,"(0.1, 0.8, 0.1)",0.5,0.25,MH,0.7,2.1316282072803006e-14,-14.999999999999979,realocate_now
uniform,"(0.1, 0.8, 0.1)",0.5,0.25,MH,1,-2.1316282072803006e-14,-15.000000000000021,realocate_now
uniform,"(0.1, 0.8, 0.1)",0.5,0.25,MM,0.7,7.105427357601002e-15,-14.999999999999993,realocate_now
uniform,"(0.1, 0.8, 0.1)",0.5,0.25,MM,1,0.0,-11.822859921317786,realocate_now
uniform,"(0.1, 0.8, 0.1)",0.5,0.25,unknown,0.7,0.0,-15.0,realocate_now
uniform,"(0.1, 0.8, 0.1)",0.5,0.25,unknown,1,-7.105427357601002e-15,-15.000000000000007,realocate_now
uniform,"(0.1, 0.8, 0.1)",1,0,HH,0.7,-1.4210854715202004e-14,-15.000000000000014,realocate_now
uniform,"(0.1, 0.8, 0.1)",1,0,HH,1,-2.1316282072803006e-14,-15.000000000000021,realocate_now
uniform,"(0.1, 0.8, 0.1)",1,0,HM,0.7,0.0,-15.0,realocate_now
uniform,"(0.1, 0.8, 0.1)",1,0,HM,1,7.105427357601002e-15,-14.911241067383507,realocate_now
uniform,"(0.1, 0.8, 0.1)",1,0,MH,0.7,-1.4210854715202004e-14,-15.000000000000014,realocate_now
uniform,"(0.1, 0.8, 0.1)",1,0,MH,1,-7.105427357601002e-15,-15.000000000000007,realocate_now
uniform,"(0.1, 0.8, 0.1)",1,0,MM,0.7,9.291372926164406,-3.7263563985014088,realocate_now
uniform,"(0.1, 0.8, 0.1)",1,0,MM,1,12.426797740590981,-0.6644263972256894,realocate_now
uniform,"(0.1, 0.8, 0.1)",1,0,unknown,0.7,0.0,-15.000000000000007,realocate_now
uniform,"(0.1, 0.8, 0.1)",1,0,unknown,1,1.4210854715202004e-14,-14.999999999999986,realocate_now
uniform,"(0.1, 0.8, 0.1)",1,0.25,HH,0.7,0.0,-15.0,realocate_now
uniform,"(0.1, 0.8, 0.1)",1,0.25,HH,1,-1.4210854715202004e-14,-15.000000000000014,realocate_now
uniform,"(0.1, 0.8, 0.1)",1,0.25,HM,0.7,7.105427357601002e-15,-14.999999999999993,realocate_now
uniform,"(0.1, 0.8, 0.1)",1,0.25,HM,1,-1.4210854715202004e-14,-15.000000000000007,realocate_now
uniform,"(0.1, 0.8, 0.1)",1,0.25,MH,0.7,2.1316282072803006e-14,-14.999999999999979,realocate_now
uniform,"(0.1, 0.8, 0.1)",1,0.25,MH,1,-2.1316282072803006e-14,-15.000000000000021,realocate_now
uniform,"(0.1, 0.8, 0.1)",1,0.25,MM,0.7,3.508278131571977,-8.79534590495873,realocate_now
uniform,"(0.1, 0.8, 0.1)",1,0.25,MM,1,7.724305797149849,-4.816669521697733,realocate_now
uniform,"(0.1, 0.8, 0.1)",1,0.25,unknown,0.7,7.105427357601002e-15,-14.999999999999993,realocate_now
uniform,"(0.1, 0.8, 0.1)",1,0.25,unknown,1,0.0,-15.0,realocate_now
jeffreys,"(0.6, 0.2, 0.2)",0,0,HH,0.7,0.0,-15.0,realocate_now
jeffreys,"(0.6, 0.2, 0.2)",0,0,HH,1,-2.842170943040401e-14,-15.000000000000028,realocate_now
jeffreys,"(0.6, 0.2, 0.2)",0,0,HM,0.7,0.0,-15.0,realocate_now
jeffreys,"(0.6, 0.2, 0.2)",0,0,HM,1,-2.1316282072803006e-14,-15.000000000000028,realocate_now
jeffreys,"(0.6, 0.2, 0.2)",0,0,MH,0.7,7.105427357601002e-15,-14.999999999999993,realocate_now
jeffreys,"(0.6, 0.2, 0.2)",0,0,MH,1,-2.1316282072803006e-14,-15.000000000000021,realocate_now
jeffreys,"(0.6, 0.2, 0.2)",0,0,MM,0.7,7.105427357601002e-15,-14.999999999999993,realocate_now
jeffreys,"(0.6, 0.2, 0.2)",0,0,MM,1,-2.1316282072803006e-14,-15.000000000000021,realocate_now
jeffreys,"(0.6, 0.2, 0.2)",0,0,unknown,0.7,7.105427357601002e-15,-14.999999999999993,realocate_now
jeffreys,"(0.6, 0.2, 0.2)",0,0,unknown,1,-2.842170943040401e-14,-15.000000000000028,realocate_now
jeffreys,"(0.6, 0.2, 0.2)",0,0.25,HH,0.7,0.0,-15.0,realocate_now
jeffreys,"(0.6, 0.2, 0.2)",0,0.25,HH,1,-2.1316282072803006e-14,-15.000000000000014,realocate_now
jeffreys,"(0.6, 0.2, 0.2)",0,0.25,HM,0.7,-1.4210854715202004e-14,-15.000000000000014,realocate_now
jeffreys,"(0.6, 0.2, 0.2)",0,0.25,HM,1,-7.105427357601002e-15,-15.000000000000014,realocate_now
jeffreys,"(0.6, 0.2, 0.2)",0,0.25,MH,0.7,0.0,-15.0,realocate_now
jeffreys,"(0.6, 0.2, 0.2)",0,0.25,MH,1,-2.1316282072803006e-14,-15.000000000000014,realocate_now
jeffreys,"(0.6, 0.2, 0.2)",0,0.25,MM,0.7,-1.4210854715202004e-14,-15.000000000000014,realocate_now
jeffreys,"(0.6, 0.2, 0.2)",0,0.25,MM,1,-7.105427357601002e-15,-15.000000000000007,realocate_now
jeffreys,"(0.6, 0.2, 0.2)",0,0.25,unknown,0.7,0.0,-15.000000000000007,realocate_now
jeffreys,"(0.6, 0.2, 0.2)",0,0.25,unknown,1,-7.105427357601002e-15,-15.000000000000014,realocate_now
jeffreys,"(0.6, 0.2, 0.2)",0.5,0,HH,0.7,0.0,-15.0,realocate_now
jeffreys,"(0.6, 0.2, 0.2)",0.5,0,HH,1,-2.1316282072803006e-14,-15.000000000000028,realocate_now
jeffreys,"(0.6, 0.2, 0.2)",0.5,0,HM,0.7,0.0,-15.0,realocate_now
jeffreys,"(0.6, 0.2, 0.2)",0.5,0,HM,1,-2.1316282072803006e-14,-15.000000000000028,realocate_now
jeffreys,"(0.6, 0.2, 0.2)",0.5,0,MH,0.7,7.105427357601002e-15,-14.999999999999993,realocate_now
jeffreys,"(0.6, 0.2, 0.2)",0.5,0,MH,1,-2.1316282072803006e-14,-15.000000000000021,realocate_now
jeffreys,"(0.6, 0.2, 0.2)",0.5,0,MM,0.7,0.0,-15.000000000000007,realocate_now
jeffreys,"(0.6, 0.2, 0.2)",0.5,0,MM,1,-1.4210854715202004e-14,-15.000000000000014,realocate_now
jeffreys,"(0.6, 0.2, 0.2)",0.5,0,unknown,0.7,0.0,-15.0,realocate_now
jeffreys,"(0.6, 0.2, 0.2)",0.5,0,unknown,1,-2.842170943040401e-14,-15.000000000000028,realocate_now
jeffreys,"(0.6, 0.2, 0.2)",0.5,0.25,HH,0.7,-7.105427357601002e-15,-15.000000000000007,realocate_now
jeffreys,"(0.6, 0.2, 0.2)",0.5,0.25,HH,1,-1.4210854715202004e-14,-15.000000000000014,realocate_now
jeffreys,"(0.6, 0.2, 0.2)",0.5,0.25,HM,0.7,-1.4210854715202004e-14,-15.000000000000014,realocate_now
jeffreys,"(0.6, 0.2, 0.2)",0.5,0.25,HM,1,-7.105427357601002e-15,-15.000000000000014,realocate_now
jeffreys,"(0.6, 0.2, 0.2)",0.5,0.25,MH,0.7,0.0,-15.0,realocate_now
jeffreys,"(0.6, 0.2, 0.2)",0.5,0.25,MH,1,-2.1316282072803006e-14,-15.000000000000014,realocate_now
jeffreys,"(0.6, 0.2, 0.2)",0.5,0.25,MM,0.7,-1.4210854715202004e-14,-15.000000000000021,realocate_now
jeffreys,"(0.6, 0.2, 0.2)",0.5,0.25,MM,1,0.0,-15.000000000000007,realocate_now
jeffreys,"(0.6, 0.2, 0.2)",0.5,0.25,unknown,0.7,-7.105427357601002e-15,-15.000000000000007,realocate_now
jeffreys,"(0.6, 0.2, 0.2)",0.5,0.25,unknown,1,0.0,-15.0,realocate_now
jeffreys,"(0.6, 0.2, 0.2)",1,0,HH,0.7,-1.4210854715202004e-14,-15.000000000000014,realocate_now
jeffreys,"(0.6, 0.2, 0.2)",1,0,HH,1,-1.4210854715202004e-14,-15.000000000000014,realocate_now
jeffreys,"(0.6, 0.2, 0.2)",1,0,HM,0.7,0.0,-15.0,realocate_now
jeffreys,"(0.6, 0.2, 0.2)",1,0,HM,1,-2.1316282072803006e-14,-15.000000000000028,realocate_now
jeffreys,"(0.6, 0.2, 0.2)",1,0,MH,0.7,7.105427357601002e-15,-14.999999999999993,realocate_now
jeffreys,"(0.6, 0.2, 0.2)",1,0,MH,1,-2.1316282072803006e-14,-15.000000000000021,realocate_now
jeffreys,"(0.6, 0.2, 0.2)",1,0,MM,0.7,-2.1316282072803006e-14,-15.000000000000021,realocate_now
jeffreys,"(0.6, 0.2, 0.2)",1,0,MM,1,-7.105427357601002e-15,-15.000000000000007,realocate_now
jeffreys,"(0.6, 0.2, 0.2)",1,0,unknown,0.7,7.105427357601002e-15,-14.999999999999993,realocate_now
jeffreys,"(0.6, 0.2, 0.2)",1,0,unknown,1,-3.552713678800501e-14,-15.000000000000043,realocate_now
jeffreys,"(0.6, 0.2, 0.2)",1,0.25,HH,0.7,-7.105427357601002e-15,-15.000000000000007,realocate_now
jeffreys,"(0.6, 0.2, 0.2)",1,0.25,HH,1,0.0,-15.000000000000007,realocate_now
jeffreys,"(0.6, 0.2, 0.2)",1,0.25,HM,0.7,-1.4210854715202004e-14,-15.000000000000014,realocate_now
jeffreys,"(0.6, 0.2, 0.2)",1,0.25,HM,1,-7.105427357601002e-15,-15.000000000000014,realocate_now
jeffreys,"(0.6, 0.2, 0.2)",1,0.25,MH,0.7,0.0,-15.0,realocate_now
jeffreys,"(0.6, 0.2, 0.2)",1,0.25,MH,1,-2.1316282072803006e-14,-15.000000000000014,realocate_now
jeffreys,"(0.6, 0.2, 0.2)",1,0.25,MM,0.7,-2.1316282072803006e-14,-15.000000000000021,realocate_now
jeffreys,"(0.6, 0.2, 0.2)",1,0.25,MM,1,-7.105427357601002e-15,-15.0,realocate_now
jeffreys,"(0.6, 0.2, 0.2)",1,0.25,unknown,0.7,0.0,-15.000000000000007,realocate_now
jeffreys,"(0.6, 0.2, 0.2)",1,0.25,unknown,1,-7.105427357601002e-15,-15.000000000000007,realocate_now
jeffreys,"(0.2, 0.6, 0.2)",0,0,HH,0.7,-7.105427357601002e-15,-15.000000000000014,realocate_now
jeffreys,"(0.2, 0.6, 0.2)",0,0,HH,1,-2.842170943040401e-14,-15.000000000000028,realocate_now
jeffreys,"(0.2, 0.6, 0.2)",0,0,HM,0.7,-7.105427357601002e-15,-15.000000000000007,realocate_now
jeffreys,"(0.2, 0.6, 0.2)",0,0,HM,1,-2.1316282072803006e-14,-15.000000000000021,realocate_now
jeffreys,"(0.2, 0.6, 0.2)",0,0,MH,0.7,7.105427357601002e-15,-14.999999999999993,realocate_now
jeffreys,"(0.2, 0.6, 0.2)",0,0,MH,1,-1.4210854715202004e-14,-15.000000000000014,realocate_now
jeffreys,"(0.2, 0.6, 0.2)",0,0,MM,0.7,7.105427357601002e-15,-14.999999999999993,realocate_now
jeffreys,"(0.2, 0.6, 0.2)",0,0,MM,1,0.0,-15.0,realocate_now
jeffreys,"(0.2, 0.6, 0.2)",0,0,unknown,0.7,0.0,-15.0,realocate_now
jeffreys,"(0.2, 0.6, 0.2)",0,0,unknown,1,-1.4210854715202004e-14,-15.000000000000021,realocate_now
jeffreys,"(0.2, 0.6, 0.2)",0,0.25,HH,0.7,-1.4210854715202004e-14,-15.000000000000014,realocate_now
jeffreys,"(0.2, 0.6, 0.2)",0,0.25,HH,1,-1.4210854715202004e-14,-15.000000000000014,realocate_now
jeffreys,"(0.2, 0.6, 0.2)",0,0.25,HM,0.7,0.0,-15.0,realocate_now
jeffreys,"(0.2, 0.6, 0.2)",0,0.25,HM,1,-7.105427357601002e-15,-15.000000000000014,realocate_now
jeffreys,"(0.2, 0.6, 0.2)",0,0.25,MH,0.7,-7.105427357601002e-15,-15.000000000000007,realocate_now
jeffreys,"(0.2, 0.6, 0.2)",0,0.25,MH,1,-1.4210854715202004e-14,-15.000000000000021,realocate_now
jeffreys,"(0.2, 0.6, 0.2)",0,0.25,MM,0.7,0.0,-15.0,realocate_now
jeffreys,"(0.2, 0.6, 0.2)",0,0.25,MM,1,-7.105427357601002e-15,-15.000000000000007,realocate_now
jeffreys,"(0.2, 0.6, 0.2)",0,0.25,unknown,0.7,-1.4210854715202004e-14,-15.000000000000014,realocate_now
jeffreys,"(0.2, 0.6, 0.2)",0,0.25,unknown,1,-1.4210854715202004e-14,-15.000000000000014,realocate_now
jeffreys,"(0.2, 0.6, 0.2)",0.5,0,HH,0.7,0.0,-15.000000000000007,realocate_now
jeffreys,"(0.2, 0.6, 0.2)",0.5,0,HH,1,-2.1316282072803006e-14,-15.000000000000028,realocate_now
jeffreys,"(0.2, 0.6, 0.2)",0.5,0,HM,0.7,-7.105427357601002e-15,-15.000000000000007,realocate_now
jeffreys,"(0.2, 0.6, 0.2)",0.5,0,HM,1,-2.1316282072803006e-14,-15.000000000000021,realocate_now
jeffreys,"(0.2, 0.6, 0.2)",0.5,0,MH,0.7,7.105427357601002e-15,-14.999999999999993,realocate_now
jeffreys,"(0.2, 0.6, 0.2)",0.5,0,MH,1,-1.4210854715202004e-14,-15.000000000000014,realocate_now
jeffreys,"(0.2, 0.6, 0.2)",0.5,0,MM,0.7,7.105427357601002e-15,-14.999999999999993,realocate_now
jeffreys,"(0.2, 0.6, 0.2)",0.5,0,MM,1,7.105427357601002e-15,-14.999999999999986,realocate_now
jeffreys,"(0.2, 0.6, 0.2)",0.5,0,unknown,0.7,-7.105427357601002e-15,-15.000000000000007,realocate_now
jeffreys,"(0.2, 0.6, 0.2)",0.5,0,unknown,1,-2.1316282072803006e-14,-15.000000000000021,realocate_now
jeffreys,"(0.2, 0.6, 0.2)",0.5,0.25,HH,0.7,-1.4210854715202004e-14,-15.000000000000014,realocate_now
jeffreys,"(0.2, 0.6, 0.2)",0.5,0.25,HH,1,-7.105427357601002e-15,-15.000000000000007,realocate_now
jeffreys,"(0.2, 0.6, 0.2)",0.5,0.25,HM,0.7,0.0,-15.0,realocate_now
jeffreys,"(0.2, 0.6, 0.2)",0.5,0.25,HM,1,-7.105427357601002e-15,-15.000000000000014,realocate_now
jeffreys,"(0.2, 0.6, 0.2)",0.5,0.25,MH,0.7,-7.105427357601002e-15,-15.000000000000007,realocate_now
jeffreys,"(0.2, 0.6, 0.2)",0.5,0.25,MH,1,-1.4210854715202004e-14,-15.000000000000021,realocate_now
jeffreys,"(0.2, 0.6, 0.2)",0.5,0.25,MM,0.7,-7.105427357601002e-15,-15.000000000000007,realocate_now
jeffreys,"(0.2, 0.6, 0.2)",0.5,0.25,MM,1,7.105427357601002e-15,-14.999999999999993,realocate_now
jeffreys,"(0.2, 0.6, 0.2)",0.5,0.25,unknown,0.7,-7.105427357601002e-15,-15.000000000000014,realocate_now
jeffreys,"(0.2, 0.6, 0.2)",0.5,0.25,unknown,1,0.0,-15.0,realocate_now
jeffreys,"(0.2, 0.6, 0.2)",1,0,HH,0.7,-7.105427357601002e-15,-15.000000000000007,realocate_now
jeffreys,"(0.2, 0.6, 0.2)",1,0,HH,1,-7.105427357601002e-15,-15.000000000000007,realocate_now
jeffreys,"(0.2, 0.6, 0.2)",1,0,HM,0.7,-7.105427357601002e-15,-15.000000000000007,realocate_now
jeffreys,"(0.2, 0.6, 0.2)",1,0,HM,1,-2.1316282072803006e-14,-15.000000000000021,realocate_now
jeffreys,"(0.2, 0.6, 0.2)",1,0,MH,0.7,7.105427357601002e-15,-14.999999999999993,realocate_now
jeffreys,"(0.2, 0.6, 0.2)",1,0,MH,1,-1.4210854715202004e-14,-15.000000000000014,realocate_now
jeffreys,"(0.2, 0.6, 0.2)",1,0,MM,0.7,2.835378894816756,-9.961138777024821,realocate_now
jeffreys,"(0.2, 0.6, 0.2)",1,0,MM,1,5.505535882549928,-7.253935378549002,realocate_now
jeffreys,"(0.2, 0.6, 0.2)",1,0,unknown,0.7,-7.105427357601002e-15,-15.000000000000007,realocate_now
jeffreys,"(0.2, 0.6, 0.2)",1,0,unknown,1,-2.1316282072803006e-14,-15.000000000000021,realocate_now
jeffreys,"(0.2, 0.6, 0.2)",1,0.25,HH,0.7,-7.105427357601002e-15,-15.000000000000014,realocate_now
jeffreys,"(0.2, 0.6, 0.2)",1,0.25,HH,1,0.0,-14.999999999999993,realocate_now
jeffreys,"(0.2, 0.6, 0.2)",1,0.25,HM,0.7,0.0,-15.0,realocate_now
jeffreys,"(0.2, 0.6, 0.2)",1,0.25,HM,1,-7.105427357601002e-15,-15.000000000000014,realocate_now
jeffreys,"(0.2, 0.6, 0.2)",1,0.25,MH,0.7,-7.105427357601002e-15,-15.000000000000007,realocate_now
jeffreys,"(0.2, 0.6, 0.2)",1,0.25,MH,1,-1.4210854715202004e-14,-15.000000000000021,realocate_now
jeffreys,"(0.2, 0.6, 0.2)",1,0.25,MM,0.7,-2.1316282072803006e-14,-15.000000000000028,realocate_now
jeffreys,"(0.2, 0.6, 0.2)",1,0.25,MM,1,7.105427357601002e-15,-13.252974201975476,realocate_now
jeffreys,"(0.2, 0.6, 0.2)",1,0.25,unknown,0.7,-1.4210854715202004e-14,-15.000000000000014,realocate_now
jeffreys,"(0.2, 0.6, 0.2)",1,0.25,unknown,1,-1.4210854715202004e-14,-15.000000000000014,realocate_now
jeffreys,"(0.1, 0.8, 0.1)",0,0,HH,0.7,-7.105427357601002e-15,-15.000000000000014,realocate_now
jeffreys,"(0.1, 0.8, 0.1)",0,0,HH,1,-1.4210854715202004e-14,-15.000000000000014,realocate_now
jeffreys,"(0.1, 0.8, 0.1)",0,0,HM,0.7,-2.1316282072803006e-14,-15.000000000000021,realocate_now
jeffreys,"(0.1, 0.8, 0.1)",0,0,HM,1,-1.4210854715202004e-14,-12.711535680239258,realocate_now
jeffreys,"(0.1, 0.8, 0.1)",0,0,MH,0.7,0.0,-15.0,realocate_now
jeffreys,"(0.1, 0.8, 0.1)",0,0,MH,1,-1.4210854715202004e-14,-15.000000000000021,realocate_now
jeffreys,"(0.1, 0.8, 0.1)",0,0,MM,0.7,-7.105427357601002e-15,-15.000000000000007,realocate_now
jeffreys,"(0.1, 0.8, 0.1)",0,0,MM,1,-1.4210854715202004e-14,-11.407897472818753,realocate_now
jeffreys,"(0.1, 0.8, 0.1)",0,0,unknown,0.7,-1.4210854715202004e-14,-15.000000000000014,realocate_now
jeffreys,"(0.1, 0.8, 0.1)",0,0,unknown,1,-1.4210854715202004e-14,-15.000000000000014,realocate_now
jeffreys,"(0.1, 0.8, 0.1)",0,0.25,HH,0.7,-7.105427357601002e-15,-15.000000000000007,realocate_now
jeffreys,"(0.1, 0.8, 0.1)",0,0.25,HH,1,-1.4210854715202004e-14,-15.000000000000014,realocate_now
jeffreys,"(0.1, 0.8, 0.1)",0,0.25,HM,0.7,-7.105427357601002e-15,-15.000000000000007,realocate_now
jeffreys,"(0.1, 0.8, 0.1)",0,0.25,HM,1,0.0,-15.0,realocate_now
jeffreys,"(0.1, 0.8, 0.1)",0,0.25,MH,0.7,-7.105427357601002e-15,-15.000000000000007,realocate_now
jeffreys,"(0.1, 0.8, 0.1)",0,0.25,MH,1,-1.4210854715202004e-14,-15.000000000000014,realocate_now
jeffreys,"(0.1, 0.8, 0.1)",0,0.25,MM,0.7,-7.105427357601002e-15,-15.000000000000007,realocate_now
jeffreys,"(0.1, 0.8, 0.1)",0,0.25,MM,1,0.0,-15.0,realocate_now
jeffreys,"(0.1, 0.8, 0.1)",0,0.25,unknown,0.7,0.0,-15.000000000000007,realocate_now
jeffreys,"(0.1, 0.8, 0.1)",0,0.25,unknown,1,-7.105427357601002e-15,-15.000000000000014,realocate_now
jeffreys,"(0.1, 0.8, 0.1)",0.5,0,HH,0.7,-7.105427357601002e-15,-15.000000000000014,realocate_now
jeffreys,"(0.1, 0.8, 0.1)",0.5,0,HH,1,-1.4210854715202004e-14,-15.000000000000014,realocate_now
jeffreys,"(0.1, 0.8, 0.1)",0.5,0,HM,0.7,-2.1316282072803006e-14,-15.000000000000021,realocate_now
jeffreys,"(0.1, 0.8, 0.1)",0.5,0,HM,1,-1.4210854715202004e-14,-12.711535680239258,realocate_now
jeffreys,"(0.1, 0.8, 0.1)",0.5,0,MH,0.7,0.0,-15.0,realocate_now
jeffreys,"(0.1, 0.8, 0.1)",0.5,0,MH,1,-1.4210854715202004e-14,-15.000000000000021,realocate_now
jeffreys,"(0.1, 0.8, 0.1)",0.5,0,MM,0.7,7.105427357601002e-15,-13.375979210148046,realocate_now
jeffreys,"(0.1, 0.8, 0.1)",0.5,0,MM,1,6.829069876320638,-5.439489265887389,realocate_now
jeffreys,"(0.1, 0.8, 0.1)",0.5,0,unknown,0.7,-2.1316282072803006e-14,-15.000000000000028,realocate_now
jeffreys,"(0.1, 0.8, 0.1)",0.5,0,unknown,1,-7.105427357601002e-15,-15.000000000000014,realocate_now
jeffreys,"(0.1, 0.8, 0.1)",0.5,0.25,HH,0.7,-1.4210854715202004e-14,-15.000000000000014,realocate_now
jeffreys,"(0.1, 0.8, 0.1)",0.5,0.25,HH,1,-1.4210854715202004e-14,-15.000000000000007,realocate_now
jeffreys,"(0.1, 0.8, 0.1)",0.5,0.25,HM,0.7,-7.105427357601002e-15,-15.000000000000007,realocate_now
jeffreys,"(0.1, 0.8, 0.1)",0.5,0.25,HM,1,0.0,-15.0,realocate_now
jeffreys,"(0.1, 0.8, 0.1)",0.5,0.25,MH,0.7,-7.105427357601002e-15,-15.000000000000007,realocate_now
jeffreys,"(0.1, 0.8, 0.1)",0.5,0.25,MH,1,-1.4210854715202004e-14,-15.000000000000014,realocate_now
jeffreys,"(0.1, 0.8, 0.1)",0.5,0.25,MM,0.7,-7.105427357601002e-15,-15.000000000000007,realocate_now
jeffreys,"(0.1, 0.8, 0.1)",0.5,0.25,MM,1,2.4973836645037295,-9.458302391537657,realocate_now
jeffreys,"(0.1, 0.8, 0.1)",0.5,0.25,unknown,0.7,0.0,-15.0,realocate_now
jeffreys,"(0.1, 0.8, 0.1)",0.5,0.25,unknown,1,-2.1316282072803006e-14,-15.000000000000028,realocate_now
jeffreys,"(0.1, 0.8, 0.1)",1,0,HH,0.7,-7.105427357601002e-15,-15.000000000000007,realocate_now
jeffreys,"(0.1, 0.8, 0.1)",1,0,HH,1,-7.105427357601002e-15,-15.000000000000007,realocate_now
jeffreys,"(0.1, 0.8, 0.1)",1,0,HM,0.7,-2.1316282072803006e-14,-15.000000000000021,realocate_now
jeffreys,"(0.1, 0.8, 0.1)",1,0,HM,1,-1.4210854715202004e-14,-12.711535680239258,realocate_now
jeffreys,"(0.1, 0.8, 0.1)",1,0,MH,0.7,0.0,-15.0,realocate_now
jeffreys,"(0.1, 0.8, 0.1)",1,0,MH,1,-1.4210854715202004e-14,-15.000000000000021,realocate_now
jeffreys,"(0.1, 0.8, 0.1)",1,0,MM,0.7,10.292155878923094,-2.7589747955887916,realocate_now
jeffreys,"(0.1, 0.8, 0.1)",1,0,MM,1,13.700148265686455,0.7444812845418483,wait
jeffreys,"(0.1, 0.8, 0.1)",1,0,unknown,0.7,-7.105427357601002e-15,-15.000000000000007,realocate_now
jeffreys,"(0.1, 0.8, 0.1)",1,0,unknown,1,-7.105427357601002e-15,-15.000000000000007,realocate_now
jeffreys,"(0.1, 0.8, 0.1)",1,0.25,HH,0.7,-2.1316282072803006e-14,-15.000000000000021,realocate_now
jeffreys,"(0.1, 0.8, 0.1)",1,0.25,HH,1,-7.105427357601002e-15,-15.000000000000007,realocate_now
jeffreys,"(0.1, 0.8, 0.1)",1,0.25,HM,0.7,-7.105427357601002e-15,-15.000000000000007,realocate_now
jeffreys,"(0.1, 0.8, 0.1)",1,0.25,HM,1,0.0,-15.0,realocate_now
jeffreys,"(0.1, 0.8, 0.1)",1,0.25,MH,0.7,-7.105427357601002e-15,-15.000000000000007,realocate_now
jeffreys,"(0.1, 0.8, 0.1)",1,0.25,MH,1,-1.4210854715202004e-14,-15.000000000000014,realocate_now
jeffreys,"(0.1, 0.8, 0.1)",1,0.25,MM,0.7,4.8114957372000084,-7.571040615094631,realocate_now
jeffreys,"(0.1, 0.8, 0.1)",1,0.25,MM,1,9.39012779849136,-3.2548326709487867,realocate_now
jeffreys,"(0.1, 0.8, 0.1)",1,0.25,unknown,0.7,-1.4210854715202004e-14,-15.000000000000021,realocate_now
jeffreys,"(0.1, 0.8, 0.1)",1,0.25,unknown,1,7.105427357601002e-15,-14.999999999999993,realocate_now
