parameter,range_threshold_MUSD,minimum_threshold_MUSD,maximum_threshold_MUSD,values
alternative_cost,45.49692420549441,-5.0,40.49692420549441,10: -5.0000; 30: 1.2790; 100: 40.4969
alternative_loss,10.214912182253116,-0.8715069856470947,9.343405196606021,0.001: -0.8715; 0.005: 1.2790; 0.02: 9.3434
later_alternative_cost,9.247460860786191,-5.656594803393979,3.590866057392212,0: 3.5909; 5: 1.2790; 20: -5.6566
effective_multiplier,9.125967405728574,-4.999999999999986,4.125967405728588,0.05: 4.1260; 0.1: 1.2790; 0.3: -5.0000
target_severe,7.7977079372364955,-3.594566618577147,4.203141318659348,0.1: 4.2031; 0.25: 1.2790; 0.5: -3.5946
approval,6.976667602439626,-5.0,1.9766676024396261,"(0, 0, 0, 0): -5.0000; (0.5, 0.1, 0, 0.1): -1.5117; (0.9, 0.3, 0.05, 0.4): 1.2790; (1, 1, 1, 1): 1.9767"
detection,6.238237531772334,-3.971577406261126,2.2666601255112084,0.5: -3.9716; 0.9: 1.2790; 1: 2.2667
disclosure,3.4883338012198166,-1.5116661987801905,1.9766676024396261,0.5: -1.5117; 0.9: 1.2790; 1: 1.9767
degraded_fraction,2.5364906977994295,-0.30630584392898186,2.2301848538704476,0.1: 2.2302; 0.25: 1.2790; 0.5: -0.3063
alternative_degraded,1.2096606531615492,1.0101873637153247,2.219848016876874,0.001: 1.0102; 0.003: 1.2790; 0.01: 2.2198
ineffective_increment,0.6213663196689438,0.6576345225267204,1.2790008421956642,0: 1.2790; 0.05: 0.6576; 0.15: 0.7207
